[{"senderKeyId":1139163887,"senderChainKey":{"iteration":339,"seed":"/gdOjeB5M0usZJPq/QvJmR2XSexzs+yY1I4QRMGPNwM="},"senderSigningKey":{"public":"BRO3HS2+mBbAh+MZHic+gPP/n6YraLufNfb9fE+R8KYw"},"senderMessageKeys":[{},{},{},{},{}]},{"senderKeyId":1139163887,"senderChainKey":{"iteration":317,"seed":"LcHSEkm8Bh4jlyHfBTMNyORd9N+g0ZqVC/3cYBkKMNo="},"senderSigningKey":{"public":"BRO3HS2+mBbAh+MZHic+gPP/n6YraLufNfb9fE+R8KYw"},"senderMessageKeys":[]},{"senderKeyId":1139163887,"senderChainKey":{"iteration":318,"seed":"ka8KKFR/yd/qGGeCIeC2/eXzZsBLo70A0GbJRfnwDw0="},"senderSigningKey":{"public":"BRO3HS2+mBbAh+MZHic+gPP/n6YraLufNfb9fE+R8KYw"},"senderMessageKeys":[]},{"senderKeyId":1139163887,"senderChainKey":{"iteration":319,"seed":"WN671gdJIwmIIGmB8uXqkTV4I+FJgJstU4OKAAbQOVA="},"senderSigningKey":{"public":"BRO3HS2+mBbAh+MZHic+gPP/n6YraLufNfb9fE+R8KYw"},"senderMessageKeys":[]},{"senderKeyId":1139163887,"senderChainKey":{"iteration":325,"seed":"XnN2j+bWPpz+biIzIqi6HOVxctGsEokjt/gRhvXFB0w="},"senderSigningKey":{"public":"BRO3HS2+mBbAh+MZHic+gPP/n6YraLufNfb9fE+R8KYw"},"senderMessageKeys":[]},{"senderKeyId":1139163887,"senderChainKey":{"iteration":329,"seed":"5Fn9H5lGV/v/gb3njFc63ivmHha5sjQg+86UN5hKZpE="},"senderSigningKey":{"public":"BRO3HS2+mBbAh+MZHic+gPP/n6YraLufNfb9fE+R8KYw"},"senderMessageKeys":[]}]