{"_sessions":{"BUgNdh+JNea4uaepqWTqeSQKL0ZTo76TOTZJ09FynUoU":{"registrationId":1646761342,"currentRatchet":{"ephemeralKeyPair":{"pubKey":"BQ6TuAzkqjcaqvk7euHtmHjES0EI+aIAEIJfqFxfvI93","privKey":"kKGkpgCF/6kw/BMh10fwqejnG1qDHe55nXkQ1YlKak0="},"lastRemoteEphemeralKey":"BfwNUUQIc3jAMfkkwBgUsw12N7Umps6AZi8ORtPGrckw","previousCounter":0,"rootKey":"bJfC7puCWNqQkuyYkREWww/MLYwKNJvK4IkqrX2+V1g="},"indexInfo":{"baseKey":"BUgNdh+JNea4uaepqWTqeSQKL0ZTo76TOTZJ09FynUoU","baseKeyType":1,"closed":-1,"used":1686138799580,"created":1686138799580,"remoteIdentityKey":"BaH/qrqamm75kt+1sc/RxmDDl53UASlUrhXeAjZRtGxg"},"_chains":{"BQ6TuAzkqjcaqvk7euHtmHjES0EI+aIAEIJfqFxfvI93":{"chainKey":{"counter":263,"key":"mO0YeHCf7aMR6RPdhes7jtX7rVY8nj9dsYQk2kdVZMw="},"chainType":1,"messageKeys":{}}},"pendingPreKey":{"signedKeyId":1,"baseKey":"BUgNdh+JNea4uaepqWTqeSQKL0ZTo76TOTZJ09FynUoU","preKeyId":2720844}}},"version":"v1"}