{"_sessions":{"Be/5jc4a5vzeSQ25l94+om8RdlYCegjeL3cbIbfni7cx":{"registrationId":855311129,"currentRatchet":{"ephemeralKeyPair":{"pubKey":"BcdQ8uy80Nqgr2HTkBbA8Hy+wwYOGUhO/HqT8WtFDok1","privKey":"EDWobO1R//gyJ2C4DggtZytrtg+vbbyBjsFu4BCKS0k="},"lastRemoteEphemeralKey":"Bdnd79zjluY0AKZhF94ZM6SRuDPSyNtB9BDrieeCZCl0","previousCounter":0,"rootKey":"SMFsCCUwW1x86eN/Pv04raqE7pSEzpVBoi5EbIPgir8="},"indexInfo":{"baseKey":"Be/5jc4a5vzeSQ25l94+om8RdlYCegjeL3cbIbfni7cx","baseKeyType":1,"closed":-1,"used":1686138798379,"created":1686138798379,"remoteIdentityKey":"BSNR4LCsI2nvB6ZAOThXp8YzuZ/LClBJqbJQmbUTm7gl"},"_chains":{"BcdQ8uy80Nqgr2HTkBbA8Hy+wwYOGUhO/HqT8WtFDok1":{"chainKey":{"counter":263,"key":"+tQdeVg4wHXSLn2sl899Wc4exmzFQd5oGbKnPQhIFWg="},"chainType":1,"messageKeys":{}}},"pendingPreKey":{"signedKeyId":1,"baseKey":"Be/5jc4a5vzeSQ25l94+om8RdlYCegjeL3cbIbfni7cx","preKeyId":12401211}}},"version":"v1"}