{"_sessions":{"BT9L2TJC3Afmv1YlLZBexwXR1TD0hXB3csr2tk9WBchw":{"registrationId":78225899,"currentRatchet":{"ephemeralKeyPair":{"pubKey":"BUiQ7L6iu3I+nLH8EoDFecdYIRtywi2eJmCNjmhZv28Q","privKey":"qHoXpN0Xu16xy5Whb8fwsFnx/1YQPJg222XdjZulx0g="},"lastRemoteEphemeralKey":"BZFydXf9dA9XXemgr+k/X0li1frG/JmqBIl6qbLGmNNs","previousCounter":0,"rootKey":"22mxd/ojOLj584sngeGV0O7CctDUSOI8T7czW/RyMuU="},"indexInfo":{"baseKey":"BT9L2TJC3Afmv1YlLZBexwXR1TD0hXB3csr2tk9WBchw","baseKeyType":1,"closed":-1,"used":1686138798644,"created":1686138798644,"remoteIdentityKey":"BQ8tskyS2uKb4PUFMhk14y4BK6Z13dx5KIi7/OkFXKgd"},"_chains":{"BUiQ7L6iu3I+nLH8EoDFecdYIRtywi2eJmCNjmhZv28Q":{"chainKey":{"counter":263,"key":"hA+05LaWr6eLiNYWm7eo4iG09vJVF1sa70QGKpYA7mk="},"chainType":1,"messageKeys":{}}},"pendingPreKey":{"signedKeyId":0,"baseKey":"BT9L2TJC3Afmv1YlLZBexwXR1TD0hXB3csr2tk9WBchw","preKeyId":15194512}}},"version":"v1"}