{"_sessions":{"BbZLOijlq98/vIf7GywRUAtxEV0EalFEW/rmoeZzcyBu":{"registrationId":206661916,"currentRatchet":{"ephemeralKeyPair":{"pubKey":"BQ1B5S/slVJHLCTmuqvza6QvN1iBVAwmkP6iixaU+z1J","privKey":"0LR7losMB37gIdqAT9p4nJywjeyjED+fxgNhOPtsFX4="},"lastRemoteEphemeralKey":"BY9+FV+5wFlMNnEaS4hzuySv3Mw3YzHD70b55uKdprt6","previousCounter":0,"rootKey":"5R+hI+VP0dB2iTXzF0GqmAtbXavukah/aNgfnSmsJFY="},"indexInfo":{"baseKey":"BbZLOijlq98/vIf7GywRUAtxEV0EalFEW/rmoeZzcyBu","baseKeyType":1,"closed":-1,"used":1686138798881,"created":1686138798881,"remoteIdentityKey":"BXdCGe8jBVL2I3O1xe50/M99A30iEmtaOaRg0jW7V4M+"},"_chains":{"BQ1B5S/slVJHLCTmuqvza6QvN1iBVAwmkP6iixaU+z1J":{"chainKey":{"counter":263,"key":"NNaHqkN0+dMtrXUrHdvxblxUoxbW93JJ9mtH03o80wE="},"chainType":1,"messageKeys":{}}},"pendingPreKey":{"signedKeyId":1,"baseKey":"BbZLOijlq98/vIf7GywRUAtxEV0EalFEW/rmoeZzcyBu"}}},"version":"v1"}