{"_sessions":{"BaSwSmT+FxPYT90qyX62xLP/vTC5MJ70iSmsDPI9NNsH":{"registrationId":828744286,"currentRatchet":{"ephemeralKeyPair":{"pubKey":"BTApMQAE83fkPSrvNjqFTTSyQJF+VVgS0RuNlZmwsU8z","privKey":"0Kq8xTYuswBbQdsMBndMStNYSTMtYwLoRTxxcLKA5Vk="},"lastRemoteEphemeralKey":"Be7ZXZwqorrvnUJhzbjsOFnv9RyTdklaZxPBzS0FP6ln","previousCounter":0,"rootKey":"cyAaMUXw6EH5bA7ILZOsmBEwj9Lf+3laxz/2MwUUg3U="},"indexInfo":{"baseKey":"BaSwSmT+FxPYT90qyX62xLP/vTC5MJ70iSmsDPI9NNsH","baseKeyType":1,"closed":-1,"used":1686138803702,"created":1686138803702,"remoteIdentityKey":"BaMnD6rYFQJLLk6dDW+exCeC5T1PoX/TW716UFBVJTBz"},"_chains":{"BTApMQAE83fkPSrvNjqFTTSyQJF+VVgS0RuNlZmwsU8z":{"chainKey":{"counter":263,"key":"5W7YRPZfTDi00ybkTvYQaVlih3S+dfzfwsiGFwtY70c="},"chainType":1,"messageKeys":{}}},"pendingPreKey":{"signedKeyId":7,"baseKey":"BaSwSmT+FxPYT90qyX62xLP/vTC5MJ70iSmsDPI9NNsH"}}},"version":"v1"}