{"_sessions":{"Ba6pbuWk1Jdwy3/P61ZaujjznOClUUf7kVllEaVF5+QX":{"registrationId":786858341,"currentRatchet":{"ephemeralKeyPair":{"pubKey":"BdFLDhUy+wOTqxaSVrb6Lvg09DiyjqQtwJr0Bu4zlvQC","privKey":"SGJ1pI3HBSZGYTTI6lHlLWd6dYge1GltN1jjWDdvp0A="},"lastRemoteEphemeralKey":"BcHMY5IynziXLg2Vw9kZ7JY2BPSXXjRxrnm05qotml8M","previousCounter":0,"rootKey":"PAiBGbBh/POt+RrYXahkZ34JggkT4ekfgLWf1t3CCHs="},"indexInfo":{"baseKey":"Ba6pbuWk1Jdwy3/P61ZaujjznOClUUf7kVllEaVF5+QX","baseKeyType":1,"closed":1686139473621,"used":1686138801228,"created":1686138801228,"remoteIdentityKey":"Bd42h1gjlQIfdd1QU2qOZXNTtCVelVjeuAlldydnWRF/"},"_chains":{"BdFLDhUy+wOTqxaSVrb6Lvg09DiyjqQtwJr0Bu4zlvQC":{"chainKey":{"counter":63,"key":"cOUw+gHQ58g9U7U7zx0mk8gdtrx9bBET2Xzto2IIGOk="},"chainType":1,"messageKeys":{}}},"pendingPreKey":{"signedKeyId":22,"baseKey":"Ba6pbuWk1Jdwy3/P61ZaujjznOClUUf7kVllEaVF5+QX","preKeyId":7824483}},"BT4C03B5UV/ij28UV3MJMMnYILd/MiW071u62nzK62Zm":{"registrationId":786858341,"currentRatchet":{"ephemeralKeyPair":{"pubKey":"BQ5Nlw4pdON0zxhXk4LNDznU/ZEYdgx4OA3puIvgQTsP","privKey":"8OLrmAVD6PrthFnNTUAII1Wwu1tl3OAxMphd/l3V/Xg="},"lastRemoteEphemeralKey":"BcHMY5IynziXLg2Vw9kZ7JY2BPSXXjRxrnm05qotml8M","previousCounter":0,"rootKey":"ypyuQXl7jW8sGuMJF2OM69TbvwIImgfVpMS3Ehp2yMQ="},"indexInfo":{"baseKey":"BT4C03B5UV/ij28UV3MJMMnYILd/MiW071u62nzK62Zm","baseKeyType":1,"closed":-1,"used":1686139473552,"created":1686139473552,"remoteIdentityKey":"Bd42h1gjlQIfdd1QU2qOZXNTtCVelVjeuAlldydnWRF/"},"_chains":{"BQ5Nlw4pdON0zxhXk4LNDznU/ZEYdgx4OA3puIvgQTsP":{"chainKey":{"counter":199,"key":"a9HW1NU5ptN1yOVNzKVIpgcxTXHFWOpl71Un0vg9GcM="},"chainType":1,"messageKeys":{}}},"pendingPreKey":{"signedKeyId":22,"baseKey":"BT4C03B5UV/ij28UV3MJMMnYILd/MiW071u62nzK62Zm","preKeyId":7824474}}},"version":"v1"}