{"_sessions":{"BWlneWvf2HvOks924/oq1FYi8vLtYxClaeqB4dtSKYpe":{"registrationId":2088272189,"currentRatchet":{"ephemeralKeyPair":{"pubKey":"BV51+TypZDFU3m9pWLl9xDP14qzSvLHl/mL7/PPFPTt1","privKey":"6N3696lv3qjQX7L9CyBGMmkBVymeIHqpIgmyVnJhxFQ="},"lastRemoteEphemeralKey":"BTf9VbeXF3lPGmaAq/4vBNATudN2BtkXKDDwPPSsypA4","previousCounter":0,"rootKey":"FVYpJvujTivL7270NyyGFRWguWPWkfciYdWqSn4iWTY="},"indexInfo":{"baseKey":"BWlneWvf2HvOks924/oq1FYi8vLtYxClaeqB4dtSKYpe","baseKeyType":1,"closed":-1,"used":1686138799413,"created":1686138799413,"remoteIdentityKey":"BT04OK43y6AOCWESoxfk3Im/z8SLrMVV68QjL1e4e1NX"},"_chains":{"BV51+TypZDFU3m9pWLl9xDP14qzSvLHl/mL7/PPFPTt1":{"chainKey":{"counter":263,"key":"VPnPVyMpbCpjkxkYuvG+plf1fyqtxoT5RqiUfUCElc8="},"chainType":1,"messageKeys":{}}},"pendingPreKey":{"signedKeyId":0,"baseKey":"BWlneWvf2HvOks924/oq1FYi8vLtYxClaeqB4dtSKYpe","preKeyId":3942693}}},"version":"v1"}