{"_sessions":{"BSfPWOy4MrYPa/igbOHLZY94ZkyveZ+OM/U3dQf9YHMj":{"registrationId":662185932,"currentRatchet":{"ephemeralKeyPair":{"pubKey":"BVSUzA2obCtwu0vIkzFGtzF+Y5CVg9iQZKIodtlvfhBR","privKey":"aK21qGRVd9pQ5VCw7dauybY172g9Ia5KWclOjUG4uW8="},"lastRemoteEphemeralKey":"BTZetxm3BND92/TJhMzTNCqDlcWZ81RXLlF/hKO3IPpx","previousCounter":0,"rootKey":"Wlg/R3DIFXCZ9wCYfufS8eP/Wdd6v7PP5/0AKGZ2Plg="},"indexInfo":{"baseKey":"BSfPWOy4MrYPa/igbOHLZY94ZkyveZ+OM/U3dQf9YHMj","baseKeyType":1,"closed":-1,"used":1686138798198,"created":1686138798198,"remoteIdentityKey":"BWkk/onBIws/tM64p2Y+svFW6ddKUmF5AVPX/dn70kI4"},"_chains":{"BVSUzA2obCtwu0vIkzFGtzF+Y5CVg9iQZKIodtlvfhBR":{"chainKey":{"counter":263,"key":"LtD9eaIWT77u5PDLZXzxPckzgaeYIzx5pJcOi0H1SDA="},"chainType":1,"messageKeys":{}}},"pendingPreKey":{"signedKeyId":2,"baseKey":"BSfPWOy4MrYPa/igbOHLZY94ZkyveZ+OM/U3dQf9YHMj","preKeyId":11164305}}},"version":"v1"}