{"_sessions":{"BdRQfVNqImD7G9F6EJ45jXd6W2Y7IeXZlmG9lY12IE0H":{"registrationId":1838818281,"currentRatchet":{"ephemeralKeyPair":{"pubKey":"BYaYSCaEdwl0ADoUucKZ54ym9YXrCHioLGkL2CK+oQ0Q","privKey":"eBPqtYrVfVDwCMZvvsYZPK4/0LRlkOPMR6ISuJT7zms="},"lastRemoteEphemeralKey":"BT9KbZTXbwNOOro7h5dctFpomWpYz6lXWRlgj6GqBeFb","previousCounter":0,"rootKey":"x5ING1Zh4eGCO1ltHvCUQIY6/AvcMk6ZKmg6ZCa+kLg="},"indexInfo":{"baseKey":"BdRQfVNqImD7G9F6EJ45jXd6W2Y7IeXZlmG9lY12IE0H","baseKeyType":1,"closed":1686139347489,"used":1686138801961,"created":1686138801961,"remoteIdentityKey":"Bc0+pcRDf0ih4vlPeVzc/ljN6jaiYdR0RdsfHT6PlREe"},"_chains":{"BYaYSCaEdwl0ADoUucKZ54ym9YXrCHioLGkL2CK+oQ0Q":{"chainKey":{"counter":46,"key":"FqRCQa3DCzbQo1vzm5vMcEmYMGz6RjJuPUw8WDYXrDg="},"chainType":1,"messageKeys":{}}},"pendingPreKey":{"signedKeyId":0,"baseKey":"BdRQfVNqImD7G9F6EJ45jXd6W2Y7IeXZlmG9lY12IE0H","preKeyId":16250459}},"BQOxEVJq47T0/URih2JJGSEZN1A1Bb8gGT9yJbANyYpb":{"registrationId":1838818281,"currentRatchet":{"ephemeralKeyPair":{"pubKey":"BRPpbPT8A7OQQmZ+X7EQSGXnOwWiqPfLnwX74kDCm/lU","privKey":"qI5TXB3/1ir92r9giGEt9JeTYSlLXd3cdSwrSGRi7k4="},"lastRemoteEphemeralKey":"BT9KbZTXbwNOOro7h5dctFpomWpYz6lXWRlgj6GqBeFb","previousCounter":0,"rootKey":"641h7+QM8blNdgp27aHPLipV6Z6tH99KkiBht0ebTgk="},"indexInfo":{"baseKey":"BQOxEVJq47T0/URih2JJGSEZN1A1Bb8gGT9yJbANyYpb","baseKeyType":1,"closed":-1,"used":1686139347482,"created":1686139347482,"remoteIdentityKey":"Bc0+pcRDf0ih4vlPeVzc/ljN6jaiYdR0RdsfHT6PlREe"},"_chains":{"BRPpbPT8A7OQQmZ+X7EQSGXnOwWiqPfLnwX74kDCm/lU":{"chainKey":{"counter":216,"key":"sGTaO3O5xzP3zWBr8pzj7u+TqEpbmSMHtPuuh1HYGXY="},"chainType":1,"messageKeys":{}}},"pendingPreKey":{"signedKeyId":0,"baseKey":"BQOxEVJq47T0/URih2JJGSEZN1A1Bb8gGT9yJbANyYpb","preKeyId":16250403}}},"version":"v1"}