{"_sessions":{"Bc9KOayuU/JiGtk1hmS0KAUTvzJ0AFcXcCT3HuLKJo8g":{"registrationId":2002862868,"currentRatchet":{"ephemeralKeyPair":{"pubKey":"BUe4HrHuSfgFnlfTbl35iJBa/aw6rw1C3ombWXTCi6sI","privKey":"0FshtirfHfWrfwRT56Qzny2RGse8Cfj3x1gwV4uaQ2I="},"lastRemoteEphemeralKey":"BStl0B/tVnjJxMk4P7xko2xJKrV+SdHogBVtHK1TkEo8","previousCounter":0,"rootKey":"StkJnWy6irotb90dQ05rLVt+JtHGoFwcX5XGhRv1Bmc="},"indexInfo":{"baseKey":"Bc9KOayuU/JiGtk1hmS0KAUTvzJ0AFcXcCT3HuLKJo8g","baseKeyType":1,"closed":-1,"used":1686138800847,"created":1686138800847,"remoteIdentityKey":"BYl/UetUGnWWE0HKN0Q7DcC5h93qISd8EVoOYAy5FqBb"},"_chains":{"BUe4HrHuSfgFnlfTbl35iJBa/aw6rw1C3ombWXTCi6sI":{"chainKey":{"counter":263,"key":"XMz514Z2EBvN3ztN3Zyosshm7RSa2rdlSxoV5eqc37Q="},"chainType":1,"messageKeys":{}}},"pendingPreKey":{"signedKeyId":0,"baseKey":"Bc9KOayuU/JiGtk1hmS0KAUTvzJ0AFcXcCT3HuLKJo8g","preKeyId":8097202}}},"version":"v1"}