{"_sessions":{"BejXh/9cTvXk+zhutWxZKsYEAwAYp16TRQQXp6zysc19":{"registrationId":526062709,"currentRatchet":{"ephemeralKeyPair":{"pubKey":"BaHJK9ik0xiRfZqyhvLdXkzd9uNUm+FNar9HrEu0m0ci","privKey":"wFl01a+A/M2MiWlgyRmXeyTt8ZgurWI7k1F1hvJ5L0E="},"lastRemoteEphemeralKey":"BXNrhgxtlWUyy6BLOkDORWW/XcUfgPX6EDSCv8bCUbUM","previousCounter":0,"rootKey":"3CRcCryewaTtpHJQsPX31UDna8+Rwt9rw3Bm+dHgdGM="},"indexInfo":{"baseKey":"BejXh/9cTvXk+zhutWxZKsYEAwAYp16TRQQXp6zysc19","baseKeyType":1,"closed":-1,"used":1686138800171,"created":1686138800171,"remoteIdentityKey":"BTB2juIKkvcxS9z0DVD/CsLo7xjwuZY8+b90eqgcbsRo"},"_chains":{"BaHJK9ik0xiRfZqyhvLdXkzd9uNUm+FNar9HrEu0m0ci":{"chainKey":{"counter":263,"key":"2NysR/7IeIOrawcwcF64YvgcdMoZuvwa7zWtvY6hv2E="},"chainType":1,"messageKeys":{}}},"pendingPreKey":{"signedKeyId":0,"baseKey":"BejXh/9cTvXk+zhutWxZKsYEAwAYp16TRQQXp6zysc19","preKeyId":7176784}}},"version":"v1"}