{"_sessions":{"BVOYiQ4Qj6Lm3/lC8RbDO5u3zTZl9eAHuBi55T60KUFc":{"registrationId":147879312,"currentRatchet":{"ephemeralKeyPair":{"pubKey":"BfwmIFGBLNmDAo8c4YTDde55i5JCus3B5eNkRB2D8Sx9","privKey":"YA/UznRZ9vfrEmjAyaw5h1ah0EHOuby+uHpTDEz3HHE="},"lastRemoteEphemeralKey":"BaAwLqUlxRof1O65SbmoD4gBaRLt9xHkXUiYypFRaZkT","previousCounter":0,"rootKey":"meF7VkP11gjnVf1kEUOCUlTGBrSE3o+FojOBIB8/19M="},"indexInfo":{"baseKey":"BVOYiQ4Qj6Lm3/lC8RbDO5u3zTZl9eAHuBi55T60KUFc","baseKeyType":1,"closed":1686139329425,"used":1686138803228,"created":1686138803228,"remoteIdentityKey":"BeUXmM0AXRyaF6+ZsXuoLT7UZFkl2Yxjpyy0ysIbe75a"},"_chains":{"BfwmIFGBLNmDAo8c4YTDde55i5JCus3B5eNkRB2D8Sx9":{"chainKey":{"counter":40,"key":"/z/bNenpFtlLwjIx+UbUAAMaIEZ7IS6Ae2xctsgC3R0="},"chainType":1,"messageKeys":{}}},"pendingPreKey":{"signedKeyId":1,"baseKey":"BVOYiQ4Qj6Lm3/lC8RbDO5u3zTZl9eAHuBi55T60KUFc","preKeyId":5279365}},"Bb5zAMr4MOjQdatNgdT5vCAyeJc3Z8UcWLfwz5OV658S":{"registrationId":147879312,"currentRatchet":{"ephemeralKeyPair":{"pubKey":"BS2JFGEcdxfnbpuEr+hZecFHs3K2Ni1R0RCPq1ImiVRc","privKey":"GJ08QYhgvJYYDwYRQoKPeb1Ukw5fBDPc/Hez8ALIcGo="},"lastRemoteEphemeralKey":"BaAwLqUlxRof1O65SbmoD4gBaRLt9xHkXUiYypFRaZkT","previousCounter":0,"rootKey":"j0zuCZoXkNb8VIOUKt4Z/abxy3Jz9eboGG3JM4PFHCM="},"indexInfo":{"baseKey":"Bb5zAMr4MOjQdatNgdT5vCAyeJc3Z8UcWLfwz5OV658S","baseKeyType":1,"closed":-1,"used":1686139329412,"created":1686139329412,"remoteIdentityKey":"BeUXmM0AXRyaF6+ZsXuoLT7UZFkl2Yxjpyy0ysIbe75a"},"_chains":{"BS2JFGEcdxfnbpuEr+hZecFHs3K2Ni1R0RCPq1ImiVRc":{"chainKey":{"counter":222,"key":"hJGLnybblxp7gJGUiHSVpNNGbW6p16Y3j6wnvfoyfPA="},"chainType":1,"messageKeys":{}}},"pendingPreKey":{"signedKeyId":1,"baseKey":"Bb5zAMr4MOjQdatNgdT5vCAyeJc3Z8UcWLfwz5OV658S","preKeyId":5279414}}},"version":"v1"}