{"_sessions":{"BX5srDM0aSjs1ICrIG3OWv3AK0ErOehJnKeK6Xer/BYH":{"registrationId":1787490219,"currentRatchet":{"ephemeralKeyPair":{"pubKey":"BVlfNhgNntdVI3a3vdeIkdOs5GYqn5IGAmgXyUh4Jfgm","privKey":"qARGP8giZzh0IMP2WBtQrTQo7DMbcaFBEueciJlmQGg="},"lastRemoteEphemeralKey":"BY6pMflsMLb2F+z2+z2HrytfSBkKuoaEcnYbDnmg8Ms9","previousCounter":0,"rootKey":"6SeiSLhxGLjlnXkhKqefj7l4CbV+qOSRaMWkcjDih3c="},"indexInfo":{"baseKey":"BX5srDM0aSjs1ICrIG3OWv3AK0ErOehJnKeK6Xer/BYH","baseKeyType":1,"closed":-1,"used":1686138800783,"created":1686138800783,"remoteIdentityKey":"Bb29bM2WLCrq1hdDUEynO3HPbie0HOR3m4oupUP1j45+"},"_chains":{"BVlfNhgNntdVI3a3vdeIkdOs5GYqn5IGAmgXyUh4Jfgm":{"chainKey":{"counter":264,"key":"C0xS4PwEYi60Em0Jw1N42IOy9Ngfit/r1IkpDJOs2L4="},"chainType":1,"messageKeys":{}}},"pendingPreKey":{"signedKeyId":1,"baseKey":"BX5srDM0aSjs1ICrIG3OWv3AK0ErOehJnKeK6Xer/BYH"}}},"version":"v1"}