{"_sessions":{"BXe2p6X567+swycvaF91DEaZvSrqYuoIRnB6wWqDyXk1":{"registrationId":4,"currentRatchet":{"ephemeralKeyPair":{"pubKey":"BaA0NJ9AkrkXvsV2njM8tKVBpe6TDKYblxwVj+ixI1wm","privKey":"YOi2nDXFCJSBdRKveWxBykF6LNUflxxf6jpDk5DJfEc="},"lastRemoteEphemeralKey":"BaSnnKjVrdbb0qlumYQTBef0z6/YHxyXN5QPvbb2VOl8","previousCounter":0,"rootKey":"bbbkwXfYthAjInIpRa2G5jCPck0DrbaN7qPoa0Me+mc="},"indexInfo":{"baseKey":"BXe2p6X567+swycvaF91DEaZvSrqYuoIRnB6wWqDyXk1","baseKeyType":1,"closed":-1,"used":1686138796399,"created":1686138796399,"remoteIdentityKey":"BeoPKsUu+vpHqfMrP97xYb7qnPgfdLQJKo4HUk0pv0lv"},"_chains":{"BaA0NJ9AkrkXvsV2njM8tKVBpe6TDKYblxwVj+ixI1wm":{"chainKey":{"counter":263,"key":"8KC+igJ1OG1m0TPxoSToGgGfSJINEI4U+pYn4wmOgi8="},"chainType":1,"messageKeys":{}}},"pendingPreKey":{"signedKeyId":1,"baseKey":"BXe2p6X567+swycvaF91DEaZvSrqYuoIRnB6wWqDyXk1"}}},"version":"v1"}