{"_sessions":{"BYfvRbpmJLp9QC4wLK8LE3/bZKcrBGVk/WWe2g1vDuNs":{"registrationId":88,"currentRatchet":{"ephemeralKeyPair":{"pubKey":"BXn7C/lzLg1BDrFnWe5nglhjjVzsu8K67iFV3grDFHFS","privKey":"sL0R4mboklrnzd4PKRch01LqaCjinQVqSCI3gCDsm2c="},"lastRemoteEphemeralKey":"BbLoHdDJ2n/nBcoeuSK8xgMC6zzIDSrYEkocid8ar+U/","previousCounter":0,"rootKey":"/vVOjAgVlqkNSDFT5GrzRfVUg7Xm/Z2IiqF5K63XVM0="},"indexInfo":{"baseKey":"BYfvRbpmJLp9QC4wLK8LE3/bZKcrBGVk/WWe2g1vDuNs","baseKeyType":1,"closed":-1,"used":1686138796121,"created":1686138796121,"remoteIdentityKey":"BV8dZRrWYMaMKRxZ4xYHNVo/J7jOM2nNJjCrGtw4U0sq"},"_chains":{"BXn7C/lzLg1BDrFnWe5nglhjjVzsu8K67iFV3grDFHFS":{"chainKey":{"counter":264,"key":"zb15cI3sLlu03+3+Ah/fhDnUfSw89ZZ1zyW3+zEci2Y="},"chainType":1,"messageKeys":{}}},"pendingPreKey":{"signedKeyId":1,"baseKey":"BYfvRbpmJLp9QC4wLK8LE3/bZKcrBGVk/WWe2g1vDuNs"}}},"version":"v1"}