{"_sessions":{"BfgYoY6S3k5kY9KHk8jxfJlRbQmCm8k/pI8ShHFbKRk5":{"registrationId":924183131,"currentRatchet":{"ephemeralKeyPair":{"pubKey":"BR2TlrtWBYNbORPdBwYBwodMYMxM0oOBUm5PEsdlFN4j","privKey":"gCqq+0KqIDGmp77Qid0xi0+wDuwoJnmaA0cjM9ntFVw="},"lastRemoteEphemeralKey":"BXhY6HIa09Y7yr4VfffWIaRKtdr0S1UHLRqjMvi2il1X","previousCounter":0,"rootKey":"VLqjq779ulVI+9hZw/vCgMdNOOXvoSPlH9Ek6YyJ12c="},"indexInfo":{"baseKey":"BfgYoY6S3k5kY9KHk8jxfJlRbQmCm8k/pI8ShHFbKRk5","baseKeyType":1,"closed":-1,"used":1686138802409,"created":1686138802409,"remoteIdentityKey":"BTWO8dSmRMeM4u16UUq6U9JyipE4MiuyEnzuUcaU1Ipc"},"_chains":{"BR2TlrtWBYNbORPdBwYBwodMYMxM0oOBUm5PEsdlFN4j":{"chainKey":{"counter":263,"key":"OHMEq/CeNqovEm3MPJX1W9XHs/M8CWt0cE33hYTXhec="},"chainType":1,"messageKeys":{}}},"pendingPreKey":{"signedKeyId":1,"baseKey":"BfgYoY6S3k5kY9KHk8jxfJlRbQmCm8k/pI8ShHFbKRk5"}}},"version":"v1"}