{"_sessions":{"BYAod5blK9l6vC5mfZSuIsC7hnNMbPZrfSYyHVJi7JQC":{"registrationId":91,"currentRatchet":{"ephemeralKeyPair":{"pubKey":"BUdej51XXrNejmkaE0PJ+aMK0qU2hkCLJMybZlupchFn","privKey":"8IUxuORSwjgyUnlcRE3kJr+SCHFaauoDLfrKKnwf+Gw="},"lastRemoteEphemeralKey":"BR1sKIzXmbH8XghFGJ7L3Si1T+7dtaZ8LMw00Ykig0sN","previousCounter":0,"rootKey":"ogRUdbCzw7gCXVOE55Sj5jg5K8LnoTQeRd8H0Juvy9g="},"indexInfo":{"baseKey":"BYAod5blK9l6vC5mfZSuIsC7hnNMbPZrfSYyHVJi7JQC","baseKeyType":1,"closed":-1,"used":1686138796482,"created":1686138796482,"remoteIdentityKey":"BdQWvATCyv+J+Q2ZrONL9ink2/rfYnDREdtKJxsmoC5d"},"_chains":{"BUdej51XXrNejmkaE0PJ+aMK0qU2hkCLJMybZlupchFn":{"chainKey":{"counter":263,"key":"0ass4wo4P20SnGx7xPgXnjKoNT/1mm9hmY0ou4OFeKA="},"chainType":1,"messageKeys":{}}},"pendingPreKey":{"signedKeyId":1,"baseKey":"BYAod5blK9l6vC5mfZSuIsC7hnNMbPZrfSYyHVJi7JQC"}}},"version":"v1"}