{"_sessions":{"BT4PQjq+h6AEiz9WwKf/wHiyE/9Rk9YSeA5W8rlh8Fxw":{"registrationId":1826007764,"currentRatchet":{"ephemeralKeyPair":{"pubKey":"BXo69xWwBETrosvsbF31Z5TNRxTSNHybrzKBuXJUOiYI","privKey":"UA5A6fW8cRS8ASfUUlbADcOock09cAxi9Zs6JeuqbEg="},"lastRemoteEphemeralKey":"BRx+ulPGoBNJjDLg5ywDIQXMKrgmsYH8LScH8JHrtzZ5","previousCounter":0,"rootKey":"4Cev8X4nUCSJyxdTLbytBXH0qRUTB0X1jrHAZiUMf3I="},"indexInfo":{"baseKey":"BT4PQjq+h6AEiz9WwKf/wHiyE/9Rk9YSeA5W8rlh8Fxw","baseKeyType":1,"closed":-1,"used":1686138797664,"created":1686138797664,"remoteIdentityKey":"BamUafg4GMeOlA/UkexjXGfTUyqBYbcV1BR0/qqVqFNE"},"_chains":{"BXo69xWwBETrosvsbF31Z5TNRxTSNHybrzKBuXJUOiYI":{"chainKey":{"counter":263,"key":"dSIHp4ZIbUHvJNEIFm7KGPZ7x+UHQsdatxIdyanLDhI="},"chainType":1,"messageKeys":{}}},"pendingPreKey":{"signedKeyId":1,"baseKey":"BT4PQjq+h6AEiz9WwKf/wHiyE/9Rk9YSeA5W8rlh8Fxw","preKeyId":10531250}}},"version":"v1"}