{"_sessions":{"Bbn1jogs9KhG35TGhCxEdQp9MK6xsAEuHZC/J0wqVPIu":{"registrationId":1239516450,"currentRatchet":{"ephemeralKeyPair":{"pubKey":"BUHfyEnvpEu2YE8Gdt3j5PNJqzkdOz7IRzOAlZ2Z6tNs","privKey":"kD0VGUKL7YCqEiQQ+yPN5hLlRlpPaLTzjkRGQqjdGnM="},"lastRemoteEphemeralKey":"BQQJO3G5uxYjAn5vbJVTi0Y7GPplfNN5vV1LirajVrZV","previousCounter":0,"rootKey":"PPmfgGMZ3rG9GcDHHgIBl3NWBwLnSJgTyZET7yz7WzQ="},"indexInfo":{"baseKey":"Bbn1jogs9KhG35TGhCxEdQp9MK6xsAEuHZC/J0wqVPIu","baseKeyType":1,"closed":-1,"used":1686138799318,"created":1686138799318,"remoteIdentityKey":"Be9vKMNc03Kr+xhLaO0aFgEMxNM+4cKvNQkADyYAnfph"},"_chains":{"BUHfyEnvpEu2YE8Gdt3j5PNJqzkdOz7IRzOAlZ2Z6tNs":{"chainKey":{"counter":263,"key":"5xmIweeISV1bn2ve7wN2XBVE60t+2pkgT90hvaATew0="},"chainType":1,"messageKeys":{}}},"pendingPreKey":{"signedKeyId":0,"baseKey":"Bbn1jogs9KhG35TGhCxEdQp9MK6xsAEuHZC/J0wqVPIu","preKeyId":5103800}}},"version":"v1"}