{"_sessions":{"BT0ZWBmL1MXWzeHRpkDkETBRJ6fimw3R205gIFcVQTI4":{"registrationId":777027610,"currentRatchet":{"ephemeralKeyPair":{"pubKey":"BQxxwklT1j9cqT6dYTG09eTN9/tGwqweJhwOb74YcF8B","privKey":"uLtnXFarK4g6HsXs5IZGpXnDvY/IWMsZlzZeiBMxNV0="},"lastRemoteEphemeralKey":"BR/0g0+DvZ0A97baAbn9ys+Q+FiBUKN51Mt8UwyJNGcV","previousCounter":0,"rootKey":"j5BtwGYCjVoo0Ib6q/n/WBxRoc0RhsHrCz55mBoMKN0="},"indexInfo":{"baseKey":"BT0ZWBmL1MXWzeHRpkDkETBRJ6fimw3R205gIFcVQTI4","baseKeyType":1,"closed":1686140692568,"used":1686138801194,"created":1686138801194,"remoteIdentityKey":"BRkvXaQef7UQsDIUCR9Gh1+Fv/LihcOw6mYe1hWDvh12"},"_chains":{"BQxxwklT1j9cqT6dYTG09eTN9/tGwqweJhwOb74YcF8B":{"chainKey":{"counter":145,"key":"wDYCCB+r2XqKRjy/h32GiokXztqlQkb958ts7yn1H1g="},"chainType":1,"messageKeys":{}}},"pendingPreKey":{"signedKeyId":0,"baseKey":"BT0ZWBmL1MXWzeHRpkDkETBRJ6fimw3R205gIFcVQTI4","preKeyId":7423097}},"BQMLH5ZhJHAJo7hfcgVbfDT+brVxi13VDvE+ii1A2Z0s":{"registrationId":777027610,"currentRatchet":{"ephemeralKeyPair":{"pubKey":"BavcFKRVPhuFaW0y7iZIRTgjPr4QK8Ip1CQaocD12OtX","privKey":"mF4F11Dvj0Cy8gXyllyk/DsL1pm7+Og62HCvhzMuc2A="},"lastRemoteEphemeralKey":"BR/0g0+DvZ0A97baAbn9ys+Q+FiBUKN51Mt8UwyJNGcV","previousCounter":0,"rootKey":"JBDu8LWfy6ZH3WX2ON+2wR+Ok6C9GmXJISEGjp1aB6A="},"indexInfo":{"baseKey":"BQMLH5ZhJHAJo7hfcgVbfDT+brVxi13VDvE+ii1A2Z0s","baseKeyType":1,"closed":1686140700047,"used":1686140692507,"created":1686140692507,"remoteIdentityKey":"BRkvXaQef7UQsDIUCR9Gh1+Fv/LihcOw6mYe1hWDvh12"},"_chains":{"BavcFKRVPhuFaW0y7iZIRTgjPr4QK8Ip1CQaocD12OtX":{"chainKey":{"counter":0,"key":"ujDqLqtx1r+8KMciMUF47wX4hKECqsvsv1UxGtvHIPw="},"chainType":1,"messageKeys":{}}},"pendingPreKey":{"signedKeyId":0,"baseKey":"BQMLH5ZhJHAJo7hfcgVbfDT+brVxi13VDvE+ii1A2Z0s","preKeyId":7423083}},"BWvce5D0BE+iWjKp2mm7f4jHrgHR41YRibynpptugkJg":{"registrationId":777027610,"currentRatchet":{"ephemeralKeyPair":{"pubKey":"BSIU+z9pvR0bpahcfSiAMa5OdOKiBy1MgTloHiGI2Whq","privKey":"+OU5ImksTFbjZKPfr96zbZp/q8KVoQ5evyzRDqOQN0U="},"lastRemoteEphemeralKey":"BVHj4ui+Z/aDklvokdlJxd20KagurUzp33W7Ns0cIPpH","previousCounter":32,"rootKey":"fJ8HYKxvBDiBQ3Td1WggWSHA7o5AoVM8/w36ZB23ljw="},"indexInfo":{"baseKey":"BWvce5D0BE+iWjKp2mm7f4jHrgHR41YRibynpptugkJg","baseKeyType":1,"closed":-1,"used":1686141239690,"created":1686140699991,"remoteIdentityKey":"BRkvXaQef7UQsDIUCR9Gh1+Fv/LihcOw6mYe1hWDvh12"},"_chains":{"BVHj4ui+Z/aDklvokdlJxd20KagurUzp33W7Ns0cIPpH":{"chainKey":{"counter":0,"key":"olOdfdkIRCxgO87bvxG9ilywaSBD808I3w6VlXllKvs="},"chainType":2,"messageKeys":{}},"BSIU+z9pvR0bpahcfSiAMa5OdOKiBy1MgTloHiGI2Whq":{"chainKey":{"counter":83,"key":"6cgOlh78Zp7ZgSCXeNdJcz4rSO2MDLlTiys5zUvtIg4="},"chainType":1,"messageKeys":{}}}}},"version":"v1"}