{"_sessions":{"BaT/jG7UtuPl1zIz7tH6/oFjEm9k2uK+d+SZ6qQDbVBu":{"registrationId":229,"currentRatchet":{"ephemeralKeyPair":{"pubKey":"BQzeQTGcCf1YtMWixFruLjsNyB3Z/Bp5jbJGkhnOCsAe","privKey":"KCE0Fz2FLqMIm/WgXgWFcBY2+4naR3oMUNm1MA8mrVQ="},"lastRemoteEphemeralKey":"BYlrLe+N8dzkxXj+Cg+THuS9D3Znh1c1jc1i6N8wmP9K","previousCounter":0,"rootKey":"v63jZKyytMRxUpEBWvgjTT1ksS88unYF18kcSXrE8AI="},"indexInfo":{"baseKey":"BaT/jG7UtuPl1zIz7tH6/oFjEm9k2uK+d+SZ6qQDbVBu","baseKeyType":1,"closed":-1,"used":1686138795584,"created":1686138795584,"remoteIdentityKey":"BRO/SQaXI/eYF86DMgAdbHfSczJWFxvynijLPWuPoH1p"},"_chains":{"BQzeQTGcCf1YtMWixFruLjsNyB3Z/Bp5jbJGkhnOCsAe":{"chainKey":{"counter":263,"key":"BOHrnXHXp09a5JSfM1DwS4pzo5ujOSjNhmml0aYZqoo="},"chainType":1,"messageKeys":{}}},"pendingPreKey":{"signedKeyId":1,"baseKey":"BaT/jG7UtuPl1zIz7tH6/oFjEm9k2uK+d+SZ6qQDbVBu"}}},"version":"v1"}