{"_sessions":{"BRf5LBID99J9ov+dj7buLWT1gzcczF5bXd0+9yGnkowz":{"registrationId":1442987330,"currentRatchet":{"ephemeralKeyPair":{"pubKey":"BTymIP9Fh880e0CFlikiE34HTd1wiIdoL+SkJTpBT092","privKey":"2K7vuJ1FEXSWBS7p23DmpqUYquHIUZG9sPfmXTX9RnI="},"lastRemoteEphemeralKey":"Bc5bSeUbCkDBXvJ32BonIh8SA3NMWSMFiZUNJtffcJZI","previousCounter":4,"rootKey":"asymq2KsHGH01XxK4+imkP/OBf8EpOW6XM7LCupjHW0="},"indexInfo":{"baseKey":"BRf5LBID99J9ov+dj7buLWT1gzcczF5bXd0+9yGnkowz","baseKeyType":1,"closed":-1,"used":1686141166946,"created":1686138803467,"remoteIdentityKey":"Bekt0xKKnldMzcregFVrRpd0ndafe1qwGfRgDqtx65kv"},"_chains":{"BYeSiQIcSu+fI271zuvbz0zqY7ZWiKqCM4bAsJAhzYsg":{"chainKey":{"counter":0},"chainType":2,"messageKeys":{}},"Bc5bSeUbCkDBXvJ32BonIh8SA3NMWSMFiZUNJtffcJZI":{"chainKey":{"counter":0,"key":"Xdqra6AyJyIXIn0CxfDFLhOvzesGgcDu7krr1evL9H4="},"chainType":2,"messageKeys":{}},"BTymIP9Fh880e0CFlikiE34HTd1wiIdoL+SkJTpBT092":{"chainKey":{"counter":92,"key":"JtPa3JL8ksH/NPzub2ZFNRTaDyTaHkv3g5J9t2IG9NA="},"chainType":1,"messageKeys":{}}}}},"version":"v1"}