{"_sessions":{"BX2S3LhuA+NPP0DYVDuNaysKb+1gWB9a1ZI0bb2EhCha":{"registrationId":1053544425,"currentRatchet":{"ephemeralKeyPair":{"pubKey":"BUGaghawXVIjF1RfHAFwDs3BQDc2uBWBstwWPtEenxAr","privKey":"GCU85azw04acRQHC7wKiXWU9aQQsb0PfKTMA4VdIWF8="},"lastRemoteEphemeralKey":"BVmM1o7Tn/vYVA1nYPyeGkoZ/8J/R6C6YBLJ8Vpjxt5Q","previousCounter":0,"rootKey":"Q2q7DZiAn4ESvtH75u5Gs5U8kAMgw9/Lyj8PJEYgCDg="},"indexInfo":{"baseKey":"BX2S3LhuA+NPP0DYVDuNaysKb+1gWB9a1ZI0bb2EhCha","baseKeyType":1,"closed":-1,"used":1686138802598,"created":1686138802598,"remoteIdentityKey":"BdPR8ZtVS2HLfe6gi+kM9rafCX/apEuI6K9kLLiOr7Mu"},"_chains":{"BUGaghawXVIjF1RfHAFwDs3BQDc2uBWBstwWPtEenxAr":{"chainKey":{"counter":263,"key":"uPgILsLdmV2x0+38aO3LrqEz/FeIYRZMB1e26sPfM4s="},"chainType":1,"messageKeys":{}}},"pendingPreKey":{"signedKeyId":0,"baseKey":"BX2S3LhuA+NPP0DYVDuNaysKb+1gWB9a1ZI0bb2EhCha","preKeyId":10812182}}},"version":"v1"}