{"_sessions":{"BSdr5vrhM3mjz5rA/vJvQ7tuLWiCCQCgt0E0DadgRfgN":{"registrationId":742890915,"currentRatchet":{"ephemeralKeyPair":{"pubKey":"BfkF8A0ghlG53EUAZhYV/Wo+j2bGCce7RIYEZhFZjlla","privKey":"MKuM5E1lWn3RziRrzrzJPQi3bVQpOOuPC/Y3quw9Zk4="},"lastRemoteEphemeralKey":"BUK/UeS7IWHgsk/u51fRMQ+DERNVV66NdMkEpqOrjas/","previousCounter":0,"rootKey":"mU9SLrY2ogNUrWnsNasVYiDwh+/TgcvOpybwI/3zTq0="},"indexInfo":{"baseKey":"BSdr5vrhM3mjz5rA/vJvQ7tuLWiCCQCgt0E0DadgRfgN","baseKeyType":1,"closed":1686139505536,"used":1686138802005,"created":1686138802005,"remoteIdentityKey":"BcD52ElRr6Fc72N5dK3b7WgJ7FxijZsi1nO/4VQ801ki"},"_chains":{"BfkF8A0ghlG53EUAZhYV/Wo+j2bGCce7RIYEZhFZjlla":{"chainKey":{"counter":68,"key":"eqV5sJ9rW2iAqXu3XKWJyrJ3JAgrVfElO27N3o4i0gA="},"chainType":1,"messageKeys":{}}},"pendingPreKey":{"signedKeyId":3,"baseKey":"BSdr5vrhM3mjz5rA/vJvQ7tuLWiCCQCgt0E0DadgRfgN","preKeyId":11690892}},"BScqqrVJMQPR90TfMFz50QduQRkusDpAT65tfulKb2Vv":{"registrationId":742890915,"currentRatchet":{"ephemeralKeyPair":{"pubKey":"Bb8zCJlfizJQqqWSKiTbLOSVu61fdNEfZnyeyDkbXOsg","privKey":"uKDBw1Z5/R3rmJ5kqAEkiMHyvH/fH5AATOFYm2MmwEQ="},"lastRemoteEphemeralKey":"BUK/UeS7IWHgsk/u51fRMQ+DERNVV66NdMkEpqOrjas/","previousCounter":0,"rootKey":"+YMAn5mE9GwRp6m/A91nXXVe+R8iMTD+1Jqr3rMWuEo="},"indexInfo":{"baseKey":"BScqqrVJMQPR90TfMFz50QduQRkusDpAT65tfulKb2Vv","baseKeyType":1,"closed":-1,"used":1686139505499,"created":1686139505499,"remoteIdentityKey":"BcD52ElRr6Fc72N5dK3b7WgJ7FxijZsi1nO/4VQ801ki"},"_chains":{"Bb8zCJlfizJQqqWSKiTbLOSVu61fdNEfZnyeyDkbXOsg":{"chainKey":{"counter":194,"key":"1MlvfJpWNrI3yHg87Dgoi5Kv9FJAQUqy9wcMk60xZC0="},"chainType":1,"messageKeys":{}}},"pendingPreKey":{"signedKeyId":3,"baseKey":"BScqqrVJMQPR90TfMFz50QduQRkusDpAT65tfulKb2Vv","preKeyId":11690202}}},"version":"v1"}