{"_sessions":{"BRq1d0uMjrXEQefhTHSfjZvSXy3T6hl5EMEr7QofEPwC":{"registrationId":581822138,"currentRatchet":{"ephemeralKeyPair":{"pubKey":"BcV2imqLG3RIfzIp4r5ajnuvkle+GJbInBEOhFJHWplw","privKey":"wF6OBWFP13acUOnbyVEV12H1PWEOuwO7JGmkLfgT10M="},"lastRemoteEphemeralKey":"BSG1D34R0E8s0kwIVnhTv6KCIooFWFw7LoLbEYc8KwUl","previousCounter":0,"rootKey":"8r7pvSxiE7FsvUyiUTcFH93WFoVd986a3GownHM08h8="},"indexInfo":{"baseKey":"BRq1d0uMjrXEQefhTHSfjZvSXy3T6hl5EMEr7QofEPwC","baseKeyType":1,"closed":1686139021220,"used":1686138798906,"created":1686138798906,"remoteIdentityKey":"BR2YfrJncnXwqvXSp+7wiut92U0BwLWTqKqYKClzHUw5"},"_chains":{"BcV2imqLG3RIfzIp4r5ajnuvkle+GJbInBEOhFJHWplw":{"chainKey":{"counter":0,"key":"FLLjGzf8xo1gePEoFvf7FuOYIWHMRiJE5SoQHgSGjsg="},"chainType":1,"messageKeys":{}}},"pendingPreKey":{"signedKeyId":8,"baseKey":"BRq1d0uMjrXEQefhTHSfjZvSXy3T6hl5EMEr7QofEPwC","preKeyId":7302683}},"BVMef6hpuUKP7VyMJt6+XpkGtNqWj+7PqIjKibg7eQ9P":{"registrationId":581822138,"currentRatchet":{"ephemeralKeyPair":{"pubKey":"BSYRmO7iSMDE5NRldFTr93ZUsxe8qkhWiFtsGYpojPIO","privKey":"yJib40CQu52XSwjsApAjoxxjRK0Bs9wvY74na6QtVEw="},"lastRemoteEphemeralKey":"BRNfReVnyFOTaoEGZxcnUO7RUIYNnWaYC175Iv7ZI0oi","previousCounter":80,"rootKey":"NDfIERdkrXQXKyM1sGSAU8YgYCqA3WZtXbmBDZSLWAU="},"indexInfo":{"baseKey":"BVMef6hpuUKP7VyMJt6+XpkGtNqWj+7PqIjKibg7eQ9P","baseKeyType":2,"closed":-1,"used":1686139675329,"created":1686139021308,"remoteIdentityKey":"BR2YfrJncnXwqvXSp+7wiut92U0BwLWTqKqYKClzHUw5"},"_chains":{"Bbp6M044OlfROKbmS7m3KL6pnp2etKMg32pkGhRe5OlV":{"chainKey":{"counter":1},"chainType":2,"messageKeys":{}},"BRNfReVnyFOTaoEGZxcnUO7RUIYNnWaYC175Iv7ZI0oi":{"chainKey":{"counter":0,"key":"VXvVrwiFHvwU0UUXf5xYkJrv0zjzxygTfUNWrW7LxZI="},"chainType":2,"messageKeys":{}},"BSYRmO7iSMDE5NRldFTr93ZUsxe8qkhWiFtsGYpojPIO":{"chainKey":{"counter":181,"key":"pfbSUTFzUXhdvb2lkD4ELfhtUPbSYkjdkckS6xTxxoA="},"chainType":1,"messageKeys":{}}}}},"version":"v1"}