{"_sessions":{"BTGR/MYdXbVRC/fVYcsOEulVt4XqifVko+KEkdiafc5Z":{"registrationId":1479487920,"currentRatchet":{"ephemeralKeyPair":{"pubKey":"BXKSIieRiRF1RLvEmgAYG4KeyIC9UKpeoBFBNUmRkhQ3","privKey":"UOHEG5cWbzMPSYUjIMnalmBb+zMs3s8rCbc/HnzH6Ec="},"lastRemoteEphemeralKey":"BU61DWErtIcpp5fu7A7cqDySC2cWVAZBxDzGscI/sBY2","previousCounter":0,"rootKey":"abevaUYypW2DbemMqiygoQ4IxnNBPPQxqzM6L43k+U8="},"indexInfo":{"baseKey":"BTGR/MYdXbVRC/fVYcsOEulVt4XqifVko+KEkdiafc5Z","baseKeyType":1,"closed":-1,"used":1686138800498,"created":1686138800498,"remoteIdentityKey":"BQNCWCkJfTtO5/qTBKF7kFM/Hwd8Pp61dCdAA0bakQ8Y"},"_chains":{"BXKSIieRiRF1RLvEmgAYG4KeyIC9UKpeoBFBNUmRkhQ3":{"chainKey":{"counter":263,"key":"vofFDBfdZawbx2LRFlgpYrHFsT+At6IqFoJzubwJmMg="},"chainType":1,"messageKeys":{}}},"pendingPreKey":{"signedKeyId":0,"baseKey":"BTGR/MYdXbVRC/fVYcsOEulVt4XqifVko+KEkdiafc5Z","preKeyId":8391253}}},"version":"v1"}