{"_sessions":{"BYwLoNUwFtfpTZzW+WY9R13lLg/A6JT02WO/xtFUYQFT":{"registrationId":668049811,"currentRatchet":{"ephemeralKeyPair":{"pubKey":"BetDom/i042YLl9DCEta5RpJTZmCqmpLhuwlkfuyW3UV","privKey":"uFp4c2AMAoMlkHBjcXPk0R5rpx3dflOoM5txNEb1m0E="},"lastRemoteEphemeralKey":"BfVmcx01FlHrXom9csP/NW5r9JX44sOVLyPZiwDmLnAS","previousCounter":0,"rootKey":"0DEml7eqN6nmavBtvAgn/PdJje0oncuWSfnsa0UUXoo="},"indexInfo":{"baseKey":"BYwLoNUwFtfpTZzW+WY9R13lLg/A6JT02WO/xtFUYQFT","baseKeyType":1,"closed":1686139303233,"used":1686138801801,"created":1686138801801,"remoteIdentityKey":"BTrKtzfuc4TN3LWwsX2uXvvEHs2uGL4W2rwHYm0H/p4w"},"_chains":{"BetDom/i042YLl9DCEta5RpJTZmCqmpLhuwlkfuyW3UV":{"chainKey":{"counter":33,"key":"aWvyFm1nSvZyMqUnVlUiuw8qDadf2lk+u2hTCB28f4g="},"chainType":1,"messageKeys":{}}},"pendingPreKey":{"signedKeyId":0,"baseKey":"BYwLoNUwFtfpTZzW+WY9R13lLg/A6JT02WO/xtFUYQFT","preKeyId":14394787}},"BZWqzloneEc6k5loA6dI5wBCVOWNiiwAgF20/4cRWrxE":{"registrationId":668049811,"currentRatchet":{"ephemeralKeyPair":{"pubKey":"BQLcHKFm+qOMw41rkBTWvosR/eWOdE3ePY4TIB/BZh0O","privKey":"SNL7AuL6vIFLBKsNlIN8H0ccE/S54XzJiwH48gO/90U="},"lastRemoteEphemeralKey":"BfVmcx01FlHrXom9csP/NW5r9JX44sOVLyPZiwDmLnAS","previousCounter":0,"rootKey":"wH1gMeiKZB3xDMTg4+/w4Vqa1mIcCFKGvX1vsctKkDQ="},"indexInfo":{"baseKey":"BZWqzloneEc6k5loA6dI5wBCVOWNiiwAgF20/4cRWrxE","baseKeyType":1,"closed":-1,"used":1686139303207,"created":1686139303207,"remoteIdentityKey":"BTrKtzfuc4TN3LWwsX2uXvvEHs2uGL4W2rwHYm0H/p4w"},"_chains":{"BQLcHKFm+qOMw41rkBTWvosR/eWOdE3ePY4TIB/BZh0O":{"chainKey":{"counter":229,"key":"ImfesGyppXS/WlcIgMp2OEpwZolA+g/P78P31ynZopI="},"chainType":1,"messageKeys":{}}},"pendingPreKey":{"signedKeyId":0,"baseKey":"BZWqzloneEc6k5loA6dI5wBCVOWNiiwAgF20/4cRWrxE","preKeyId":14394715}}},"version":"v1"}