{"_sessions":{"BQzxtjI16jdLzIxnhi3VxODiP/MPQo+dohKQflS6Z6wH":{"registrationId":741908170,"currentRatchet":{"ephemeralKeyPair":{"pubKey":"BdFv3k4CqGyVFNodVZAubuZ7VVCfDkWul2LnjHmby0ge","privKey":"cIwTkAp4FXh9q+M/JoE+bn3aXN0MuF5P8SyAGKMyfnk="},"lastRemoteEphemeralKey":"BUHGSZRYjOuLbED2trEaOdgQ3Vmarf8okfZldVT8LnJZ","previousCounter":0,"rootKey":"ge7jLK/SnrW16Gnm6zaJORyug1HwtfEOClkP9uF1FgA="},"indexInfo":{"baseKey":"BQzxtjI16jdLzIxnhi3VxODiP/MPQo+dohKQflS6Z6wH","baseKeyType":1,"closed":-1,"used":1686138797770,"created":1686138797770,"remoteIdentityKey":"BTpAv2zVCcWNOzEaVvltoRSCrQTAH4MgJO3+phGKOGN+"},"_chains":{"BdFv3k4CqGyVFNodVZAubuZ7VVCfDkWul2LnjHmby0ge":{"chainKey":{"counter":263,"key":"mk9sYJOcB0mUsXJwrf1mDqdgviMon0zsNt/AMS7sbx0="},"chainType":1,"messageKeys":{}}},"pendingPreKey":{"signedKeyId":0,"baseKey":"BQzxtjI16jdLzIxnhi3VxODiP/MPQo+dohKQflS6Z6wH","preKeyId":6640373}}},"version":"v1"}