{"_sessions":{"BQswZ1f9Azt7TuTH/M0oJoxA/Xj1diiPkIPvNwiHeCV0":{"registrationId":842378831,"currentRatchet":{"ephemeralKeyPair":{"pubKey":"BT9hg5yfsgN8Gh0J4+znlIwqzkPkUP1g8JEAiv8uXGo6","privKey":"OPD00RQqJd+e182nucJA7w9ury3TW/z9MckDFrqnq10="},"lastRemoteEphemeralKey":"BbiRLvqgdVogqEwJlbdeGPW5dqIWkG77ehYix4Ic4AZB","previousCounter":0,"rootKey":"C9NgYZE8BI3vvwC0MhMrOT8PmKUd3RXhOltttV+/BwI="},"indexInfo":{"baseKey":"BQswZ1f9Azt7TuTH/M0oJoxA/Xj1diiPkIPvNwiHeCV0","baseKeyType":1,"closed":-1,"used":1686138800120,"created":1686138800120,"remoteIdentityKey":"BYU0InNkSokfyk5P4VcN6/g69ENbf1YmvyXvDPpU7b4p"},"_chains":{"BT9hg5yfsgN8Gh0J4+znlIwqzkPkUP1g8JEAiv8uXGo6":{"chainKey":{"counter":263,"key":"k6M6+7tPHNbSrkPM4JskAQQKDFlEvQEeropjJzUAlGM="},"chainType":1,"messageKeys":{}}},"pendingPreKey":{"signedKeyId":0,"baseKey":"BQswZ1f9Azt7TuTH/M0oJoxA/Xj1diiPkIPvNwiHeCV0"}}},"version":"v1"}