{"_sessions":{"Be7pwRohwZISYX/vLqXiQIUW25u366mdKu4tMdWEYnUg":{"registrationId":1374063833,"currentRatchet":{"ephemeralKeyPair":{"pubKey":"BdAbXGPW00xCtVAQCCE0bbzFXf+0slZWxsMLLOCKQ5Bf","privKey":"mJuZ3hd3/IS/2Ense1LQ85fHpW5SLEb1LAsyZqfwUVo="},"lastRemoteEphemeralKey":"BWhZCaUCchuiJjoaw13MJ23LoTwcM41fLIpuwAiBlvdw","previousCounter":0,"rootKey":"mdHfrYCfz6R4S7NN0xlxSL1UvWlrSw/sMwNPzPYkoIw="},"indexInfo":{"baseKey":"Be7pwRohwZISYX/vLqXiQIUW25u366mdKu4tMdWEYnUg","baseKeyType":1,"closed":1686139842207,"used":1686138797889,"created":1686138797889,"remoteIdentityKey":"BS43Xf9vqFEzkzvPQWgABbF0qdGsRL9NX+bwcsvjhYRW"},"_chains":{"BdAbXGPW00xCtVAQCCE0bbzFXf+0slZWxsMLLOCKQ5Bf":{"chainKey":{"counter":104,"key":"fr6Axpv5UoW9JdyrV4nY+y4L6GfUlpplh2ol1xgT5E8="},"chainType":1,"messageKeys":{}}},"pendingPreKey":{"signedKeyId":22,"baseKey":"Be7pwRohwZISYX/vLqXiQIUW25u366mdKu4tMdWEYnUg","preKeyId":13221685}},"BVIeobR9cBX4qzeIgoVy27y5vHaPo+gKxAgmM0MrTiI3":{"registrationId":1374063833,"currentRatchet":{"ephemeralKeyPair":{"pubKey":"BZQckCS4awRIKHRMH6XWdrL3RKgKw2liufA7rlVlVmtn","privKey":"sJfPN5yMSiHAiGj0Ov0nqdbfWEZIm7NExSrmCHX2i20="},"lastRemoteEphemeralKey":"BWhZCaUCchuiJjoaw13MJ23LoTwcM41fLIpuwAiBlvdw","previousCounter":0,"rootKey":"PZenW85MJQIVXZBKH8D7KK40nOy6/qPD69oUEXbYnUA="},"indexInfo":{"baseKey":"BVIeobR9cBX4qzeIgoVy27y5vHaPo+gKxAgmM0MrTiI3","baseKeyType":1,"closed":-1,"used":1686139842196,"created":1686139842196,"remoteIdentityKey":"BS43Xf9vqFEzkzvPQWgABbF0qdGsRL9NX+bwcsvjhYRW"},"_chains":{"BZQckCS4awRIKHRMH6XWdrL3RKgKw2liufA7rlVlVmtn":{"chainKey":{"counter":158,"key":"qRrgG1wQ8LzIgVOal9V6JgWLP0n+49v71fgB6IraMOQ="},"chainType":1,"messageKeys":{}}},"pendingPreKey":{"signedKeyId":22,"baseKey":"BVIeobR9cBX4qzeIgoVy27y5vHaPo+gKxAgmM0MrTiI3","preKeyId":13221558}}},"version":"v1"}