{"_sessions":{"BYkpyIRg3wzx3W5OyP5If1MJBFY9DjWrbRXY4UC2aT9l":{"registrationId":387814585,"currentRatchet":{"ephemeralKeyPair":{"pubKey":"Bdnwlpx6n+J+L6wyMFqszCOtb4zTghu4I1NRHcgl5nQF","privKey":"uDfZ7kpJr8a9rE7rOpEPFg8la1QCQiNjYlVvz/0+aFw="},"lastRemoteEphemeralKey":"BTjuQCEeO1wqbmfTyxgdPzzpUr85oG8fA6J1XP+IInV5","previousCounter":0,"rootKey":"NcBcAGHzt1om2J/opzoTfZAtFj47YW8sya2DJmnrxfI="},"indexInfo":{"baseKey":"BYkpyIRg3wzx3W5OyP5If1MJBFY9DjWrbRXY4UC2aT9l","baseKeyType":1,"closed":-1,"used":1686138800227,"created":1686138800227,"remoteIdentityKey":"BXunKXtOqil6Xh4T3RwEqlCmIL1ZJpkA+dPj2/XNSp08"},"_chains":{"Bdnwlpx6n+J+L6wyMFqszCOtb4zTghu4I1NRHcgl5nQF":{"chainKey":{"counter":263,"key":"h4zxrfCEtQtxnkp41RvwVR57pz0owjBGkJowWzo5kqE="},"chainType":1,"messageKeys":{}}},"pendingPreKey":{"signedKeyId":1,"baseKey":"BYkpyIRg3wzx3W5OyP5If1MJBFY9DjWrbRXY4UC2aT9l","preKeyId":8093257}}},"version":"v1"}