{"_sessions":{"BW041IfZvSC9OvCwod7OswXUQsP9YGCFag3FW45rwZUc":{"registrationId":169666538,"currentRatchet":{"ephemeralKeyPair":{"pubKey":"BdLJGLH4eR4qf3LZDp0fxTeBCFm1C2biAuuSh/sgNnVE","privKey":"uKiWspLVtZaXNOVJRcA/8GWtTPajo6ucKow9qu5lOHo="},"lastRemoteEphemeralKey":"BXWLK1H0iDLYcoxcHs8+jJW7jp5kc7EXMzIrfiHoqM4E","previousCounter":0,"rootKey":"sC+DH0YIq0XP6huWKKU31Ki/JZx2JANnovB+Xxld0B4="},"indexInfo":{"baseKey":"BW041IfZvSC9OvCwod7OswXUQsP9YGCFag3FW45rwZUc","baseKeyType":1,"closed":1686139118074,"used":1686138801287,"created":1686138801287,"remoteIdentityKey":"BdZ549C1GWXc377HoBGIJYFnoM3u8Eq5t7mhD+CZwEBz"},"_chains":{"BdLJGLH4eR4qf3LZDp0fxTeBCFm1C2biAuuSh/sgNnVE":{"chainKey":{"counter":7,"key":"0JjJkRF/H1xebFPFVD2OfxNKugUkoW+VpQuT4cPYefw="},"chainType":1,"messageKeys":{}}},"pendingPreKey":{"signedKeyId":11,"baseKey":"BW041IfZvSC9OvCwod7OswXUQsP9YGCFag3FW45rwZUc","preKeyId":6386621}},"BRHMQtDorPrPXTrhLXF+4m7yau7AtXEBCaJZG/6r5W0N":{"registrationId":169666538,"currentRatchet":{"ephemeralKeyPair":{"pubKey":"BaTRfESCVDHxjnnvg04y8yjoNNkp4eAxWRWnGo6BBQBN","privKey":"MMa5Qz8pQlbR1vBZ/3CqojfvbCcXacISVMd5e9mRYH8="},"lastRemoteEphemeralKey":"BXWLK1H0iDLYcoxcHs8+jJW7jp5kc7EXMzIrfiHoqM4E","previousCounter":0,"rootKey":"VMMS9qqa/GH0ML+TMd5j9HQ4Y1DKMNZCUYri1sqvaqU="},"indexInfo":{"baseKey":"BRHMQtDorPrPXTrhLXF+4m7yau7AtXEBCaJZG/6r5W0N","baseKeyType":1,"closed":-1,"used":1686139117663,"created":1686139117663,"remoteIdentityKey":"BdZ549C1GWXc377HoBGIJYFnoM3u8Eq5t7mhD+CZwEBz"},"_chains":{"BaTRfESCVDHxjnnvg04y8yjoNNkp4eAxWRWnGo6BBQBN":{"chainKey":{"counter":255,"key":"22+1IxYOH7/q/Kl0lxl+/QV6qVweXxmtp/MacNp0R9I="},"chainType":1,"messageKeys":{}}},"pendingPreKey":{"signedKeyId":11,"baseKey":"BRHMQtDorPrPXTrhLXF+4m7yau7AtXEBCaJZG/6r5W0N","preKeyId":6386051}}},"version":"v1"}