{"_sessions":{"BUXH60hEZ9OqbSLNM7v9+VR/fEgWkwENdTjLubhRvIQs":{"registrationId":1504948104,"currentRatchet":{"ephemeralKeyPair":{"pubKey":"BUOUJ23S3/uCb849Gg8ev28UbJK8W9YesNf+5giwun4F","privKey":"kDQgwdXvWl9PXOo71MXSYdTOv81Wz/Nexlxc2TkMD2A="},"lastRemoteEphemeralKey":"Ba/+ULosNLW5g8CgLZjdbPk7ZFyjRMcuegUykJexOgsC","previousCounter":0,"rootKey":"tPR/u5xxx6z7rZZ2tIsqFuOkJNCKll9wPB1bkpgQ/ZU="},"indexInfo":{"baseKey":"BUXH60hEZ9OqbSLNM7v9+VR/fEgWkwENdTjLubhRvIQs","baseKeyType":1,"closed":-1,"used":1686138803451,"created":1686138803451,"remoteIdentityKey":"BbC/z+A++YdJYSU1KwcOvOTzjcJ6GnmjrpD0c8uTDiUu"},"_chains":{"BUOUJ23S3/uCb849Gg8ev28UbJK8W9YesNf+5giwun4F":{"chainKey":{"counter":263,"key":"i3cFRWsCfKwU5dMro0YNg+x7NyO5nAUQQp6sUsKB42c="},"chainType":1,"messageKeys":{}}},"pendingPreKey":{"signedKeyId":0,"baseKey":"BUXH60hEZ9OqbSLNM7v9+VR/fEgWkwENdTjLubhRvIQs"}}},"version":"v1"}