{"_sessions":{"BQY2DwM6QevQt1CefYBnRafizonhNUcnPpRpL3peIC1u":{"registrationId":6109,"currentRatchet":{"ephemeralKeyPair":{"pubKey":"BaY+dEhjAOaF/rS+6htwgF3n1vz2r8+N/Yvdbah9A4pw","privKey":"oF+cqYAL9uzCjyW/xwHmsod88VgftCvNPyrOCl9hw1U="},"lastRemoteEphemeralKey":"BSz8XhJBLxQt5kY/P6gTTBC0hPQu6/7YgIoqqJ5ppXEz","previousCounter":0,"rootKey":"I96s0S1uMhpedBdZZZ7SlN/W3EeFkqdyU8IIsHlbGcw="},"indexInfo":{"baseKey":"BQY2DwM6QevQt1CefYBnRafizonhNUcnPpRpL3peIC1u","baseKeyType":1,"closed":-1,"used":1686138795506,"created":1686138795506,"remoteIdentityKey":"BdWRmC0C9l/T6Z62cf/z4KE5Ud58VieceQUHqYInEGc9"},"_chains":{"BaY+dEhjAOaF/rS+6htwgF3n1vz2r8+N/Yvdbah9A4pw":{"chainKey":{"counter":263,"key":"SmO5k0XBQ9JpR6u58b7VvDaGbFzRAWaC85WfAgnLrBE="},"chainType":1,"messageKeys":{}}},"pendingPreKey":{"signedKeyId":1,"baseKey":"BQY2DwM6QevQt1CefYBnRafizonhNUcnPpRpL3peIC1u"}}},"version":"v1"}