{"_sessions":{"BWXgc9AMDiCH/bwsiIX2ZsE5Pu5nK/JT9MCnxDj6Ddh6":{"registrationId":199332939,"currentRatchet":{"ephemeralKeyPair":{"pubKey":"BYM3/+2FYxRGjpkAvRplbOyV0eoCy7gh6QL7eiVyARRo","privKey":"ELli9zEIaqoZJ2Feplt8B9uj+HGLW+xy1G7k47IB+nM="},"lastRemoteEphemeralKey":"BaHrLGOmAQG3DMWIwIykseAhTwOwkfxJgRNPh+lW3Pxg","previousCounter":0,"rootKey":"K2sTTijY+YoiYAYjoI/QXdUViIpSGiMmbWVK8hacXss="},"indexInfo":{"baseKey":"BWXgc9AMDiCH/bwsiIX2ZsE5Pu5nK/JT9MCnxDj6Ddh6","baseKeyType":1,"closed":1686139235463,"used":1686138798449,"created":1686138798449,"remoteIdentityKey":"BVi4s4fyY88mIh6ExInBVilqKze9aEPPQV71n5JzKYlI"},"_chains":{"BYM3/+2FYxRGjpkAvRplbOyV0eoCy7gh6QL7eiVyARRo":{"chainKey":{"counter":21,"key":"9LK43zxk0Q0ogYO+U0fHpYquZ8na7D9/iRzV+drOh88="},"chainType":1,"messageKeys":{}}},"pendingPreKey":{"signedKeyId":4,"baseKey":"BWXgc9AMDiCH/bwsiIX2ZsE5Pu5nK/JT9MCnxDj6Ddh6","preKeyId":505812}},"Bewwc9fyP+R2ag/hNdxOPWgoSfpq9y+uRi4AuM9MSRFt":{"registrationId":199332939,"currentRatchet":{"ephemeralKeyPair":{"pubKey":"BRcwDXw/2Vo47mIh1kplBUdiQTZQYJ2gTxBdyyngdq80","privKey":"sMR/Yicm2OaQ4yTCnDcQnRDEmcsH0WDmk5ctAQor02E="},"lastRemoteEphemeralKey":"BaHrLGOmAQG3DMWIwIykseAhTwOwkfxJgRNPh+lW3Pxg","previousCounter":0,"rootKey":"XmD0LMe8+QtyKYmgxHeUzgkgf7A+JaV/LiHSnReH3GQ="},"indexInfo":{"baseKey":"Bewwc9fyP+R2ag/hNdxOPWgoSfpq9y+uRi4AuM9MSRFt","baseKeyType":1,"closed":-1,"used":1686139235425,"created":1686139235425,"remoteIdentityKey":"BVi4s4fyY88mIh6ExInBVilqKze9aEPPQV71n5JzKYlI"},"_chains":{"BRcwDXw/2Vo47mIh1kplBUdiQTZQYJ2gTxBdyyngdq80":{"chainKey":{"counter":241,"key":"NTQgdIKRiFeyq+mLgL0YIoswPm827L0u5jj5pcz4XIY="},"chainType":1,"messageKeys":{}}},"pendingPreKey":{"signedKeyId":4,"baseKey":"Bewwc9fyP+R2ag/hNdxOPWgoSfpq9y+uRi4AuM9MSRFt","preKeyId":505805}}},"version":"v1"}