{"_sessions":{"Bb/mwrWHcoaNcVGYNsdYkaDQ38QpYOtXyx9Q3d7EL/Aa":{"registrationId":1370235862,"currentRatchet":{"ephemeralKeyPair":{"pubKey":"BdgGVgNuYFvd/0V7LHwn5LH8XhysMcCRC6M+vy/LxYlc","privKey":"KP5edVp3em3IWLfW/KEbySRLmy4FAjIUekWHxyJL/FM="},"lastRemoteEphemeralKey":"Bdb7XVpLTX4iOBIdKBMtxeIsWqmQPdfrJyFe5SmhZVRW","previousCounter":0,"rootKey":"bZx1XNqoTy00cB3ZPwJGy/3YIJDU71lGZCRXsHQep1k="},"indexInfo":{"baseKey":"Bb/mwrWHcoaNcVGYNsdYkaDQ38QpYOtXyx9Q3d7EL/Aa","baseKeyType":1,"closed":-1,"used":1686138799552,"created":1686138799552,"remoteIdentityKey":"BXXpx6CyP5234CD/g8nPvrscPAhpFejohQTCB0V2/utT"},"_chains":{"BdgGVgNuYFvd/0V7LHwn5LH8XhysMcCRC6M+vy/LxYlc":{"chainKey":{"counter":263,"key":"lxMeRHPhX8R0kE/X/vd0qsSYwYke7UnXwRNE65T1fMA="},"chainType":1,"messageKeys":{}}},"pendingPreKey":{"signedKeyId":0,"baseKey":"Bb/mwrWHcoaNcVGYNsdYkaDQ38QpYOtXyx9Q3d7EL/Aa"}}},"version":"v1"}