{"_sessions":{"BVMhp9nVHLQ2D1NhwbUaicRSXes5GCGF0yGEgUzCED1C":{"registrationId":1323753448,"currentRatchet":{"ephemeralKeyPair":{"pubKey":"BWVZMvmpEjeUtfTpTPwPTECPDyFOzGcUciu3zBEInJ1v","privKey":"yNP4up6mhaKtmg+i3epWdsuMRLEFhOTmJ9/s3XoaD1U="},"lastRemoteEphemeralKey":"BYD4gSnBpHAeYTkRLi7oBeiBuj5Dm1wMMUyYTKGY8+cr","previousCounter":0,"rootKey":"HVueOSRDyVrbp46Xe/Y6quImq+15eX/24TGplTK2Rwc="},"indexInfo":{"baseKey":"BVMhp9nVHLQ2D1NhwbUaicRSXes5GCGF0yGEgUzCED1C","baseKeyType":1,"closed":1686139311417,"used":1686138801844,"created":1686138801844,"remoteIdentityKey":"BQkILsUI4wB1QaEguuziHMiYPEYZNhgDRLdEpq0XtAQk"},"_chains":{"BWVZMvmpEjeUtfTpTPwPTECPDyFOzGcUciu3zBEInJ1v":{"chainKey":{"counter":35,"key":"gZFAbIPwFE+Be1wQ3vNeMcZQEe4FAIqJcBrsiwrGlEo="},"chainType":1,"messageKeys":{}}},"pendingPreKey":{"signedKeyId":5,"baseKey":"BVMhp9nVHLQ2D1NhwbUaicRSXes5GCGF0yGEgUzCED1C","preKeyId":256237}},"BQN0p5OwNdSC/UTNrVlEvKYHTBHNJnJstqmlkpSIfSE9":{"registrationId":1323753448,"currentRatchet":{"ephemeralKeyPair":{"pubKey":"BTTiS5tadyFDX5iHrZL1MW0WF9TBUtBlo/UX36TZ7V4o","privKey":"yM0/78D+LvhZ8cmZs4/qbGjugcN2TEHNZpiV3rBKJVA="},"lastRemoteEphemeralKey":"BYD4gSnBpHAeYTkRLi7oBeiBuj5Dm1wMMUyYTKGY8+cr","previousCounter":0,"rootKey":"4GuIoSmu7x47HVGbv3YfpVqBCNctN8O5xAwy0m/JD8g="},"indexInfo":{"baseKey":"BQN0p5OwNdSC/UTNrVlEvKYHTBHNJnJstqmlkpSIfSE9","baseKeyType":1,"closed":-1,"used":1686139311372,"created":1686139311372,"remoteIdentityKey":"BQkILsUI4wB1QaEguuziHMiYPEYZNhgDRLdEpq0XtAQk"},"_chains":{"BTTiS5tadyFDX5iHrZL1MW0WF9TBUtBlo/UX36TZ7V4o":{"chainKey":{"counter":227,"key":"fOX2bqH2gBXcO0XQju/vqmlvBl1VLBuIrYZ3Q2iETcA="},"chainType":1,"messageKeys":{}}},"pendingPreKey":{"signedKeyId":5,"baseKey":"BQN0p5OwNdSC/UTNrVlEvKYHTBHNJnJstqmlkpSIfSE9","preKeyId":256079}}},"version":"v1"}