{"_sessions":{"BfYm6VfutSvTolRHTuE/STg7oIe7vPXsQSn+HZkhlT4P":{"registrationId":472563079,"currentRatchet":{"ephemeralKeyPair":{"pubKey":"BSdLrgTev9pI/0o43s/ewfBS5Vm2kWy2oW8wuYa7ZQtC","privKey":"OOFirR8fLpVdiPb3WWXhS4azhZRxxbF3gMUEeQYbLHY="},"lastRemoteEphemeralKey":"BS4R5EaOQL+LFuvgZW07LKPRRO0uRYQo87BSk+YpjJ4/","previousCounter":0,"rootKey":"HvMYL7dkH7WGUdPxi66z3pb1118KKEXLIkoLAtWwfK8="},"indexInfo":{"baseKey":"BfYm6VfutSvTolRHTuE/STg7oIe7vPXsQSn+HZkhlT4P","baseKeyType":1,"closed":-1,"used":1686138800303,"created":1686138800303,"remoteIdentityKey":"Bf/CyD+Bg5B+9HUJ8x+FfvdBb3q+/8ChqM7jsu3uF6Fs"},"_chains":{"BSdLrgTev9pI/0o43s/ewfBS5Vm2kWy2oW8wuYa7ZQtC":{"chainKey":{"counter":263,"key":"meQ/p46vFwO62VPPdf21TQg4Z341YwkVXBW5PUJny4c="},"chainType":1,"messageKeys":{}}},"pendingPreKey":{"signedKeyId":0,"baseKey":"BfYm6VfutSvTolRHTuE/STg7oIe7vPXsQSn+HZkhlT4P","preKeyId":15264336}}},"version":"v1"}