{"_sessions":{"Bcxh7zrStjXewIfimuepjeIcadLY8GLAJZqoHEdCTZ80":{"registrationId":236246793,"currentRatchet":{"ephemeralKeyPair":{"pubKey":"BWW3jFeP+7HZL2g5U3i1XrmB8JKkckkYA+Y2Ct3R+cAz","privKey":"eBdgp/TlVMTms2Xz10XdpzcLw2+0yzNb+pC3AhRzHU8="},"lastRemoteEphemeralKey":"BSr+op+x2kXKHCIC5ygJSchkJi9xuNlABAFLN3uPD+oO","previousCounter":0,"rootKey":"nqUFdLtKkq/OouuPjn4iE6/K0CWY6CLVKx3M1A9+Ycw="},"indexInfo":{"baseKey":"Bcxh7zrStjXewIfimuepjeIcadLY8GLAJZqoHEdCTZ80","baseKeyType":1,"closed":-1,"used":1686138800081,"created":1686138800081,"remoteIdentityKey":"BejNn+jCGGQ0ryczWIXliJPyINiXKFa+rulEMTRB6o4J"},"_chains":{"BWW3jFeP+7HZL2g5U3i1XrmB8JKkckkYA+Y2Ct3R+cAz":{"chainKey":{"counter":263,"key":"WY7y7UXCTBKWXtow844560LHH6mPubgjzKHNONAacZU="},"chainType":1,"messageKeys":{}}},"pendingPreKey":{"signedKeyId":1,"baseKey":"Bcxh7zrStjXewIfimuepjeIcadLY8GLAJZqoHEdCTZ80"}}},"version":"v1"}