{"_sessions":{"BdIA7khakv2/mq3V99V0h86MXd5qkOcm6R5+oDZKxjRH":{"registrationId":1203541741,"currentRatchet":{"ephemeralKeyPair":{"pubKey":"BbdNZw/anRgvxfoa/eJRDKdqcZa0ZLvcx/Bpt/B91vwO","privKey":"YB8sJtbMgZldh+AAE0fOU03f4UKnP/1F4WjtZ2VhjEM="},"lastRemoteEphemeralKey":"BTKoFJ11lCiF0c79PtYs7yjIfM9r2+iMuPe8sQaj/vNg","previousCounter":0,"rootKey":"K5i6WAHimUA6iRlS9ahCAdjOXJETxiJn9iSM2vnF3Es="},"indexInfo":{"baseKey":"BdIA7khakv2/mq3V99V0h86MXd5qkOcm6R5+oDZKxjRH","baseKeyType":1,"closed":1686139338959,"used":1686138803506,"created":1686138803506,"remoteIdentityKey":"BZJCZ3Mt5VB4Ai5Fr9s5JPakX8kOuH4XWTrs2ZQNDkR2"},"_chains":{"BbdNZw/anRgvxfoa/eJRDKdqcZa0ZLvcx/Bpt/B91vwO":{"chainKey":{"counter":43,"key":"QfBbfIa6P+H1jvMqhECQ+PsyUm0UxNxlWJ/e0VTtKCY="},"chainType":1,"messageKeys":{}}},"pendingPreKey":{"signedKeyId":0,"baseKey":"BdIA7khakv2/mq3V99V0h86MXd5qkOcm6R5+oDZKxjRH","preKeyId":13217492}},"BbTsIk6s0nZyntDMexDMBn/bx4IahWY9jpl6R1iAOnxw":{"registrationId":1203541741,"currentRatchet":{"ephemeralKeyPair":{"pubKey":"BXBv+4ueoqyD4s7SneLbya/rswrnFYphdyQDByZFc20v","privKey":"MJu2qK3Mt2BbCTtusRDwKQlJQ5gcfPcB88DY5MaTolQ="},"lastRemoteEphemeralKey":"BTKoFJ11lCiF0c79PtYs7yjIfM9r2+iMuPe8sQaj/vNg","previousCounter":0,"rootKey":"/uqUhOAEMQEvn/ExhQTNeAZEtbyrU9bBbDL+MPO7J0s="},"indexInfo":{"baseKey":"BbTsIk6s0nZyntDMexDMBn/bx4IahWY9jpl6R1iAOnxw","baseKeyType":1,"closed":-1,"used":1686139338957,"created":1686139338957,"remoteIdentityKey":"BZJCZ3Mt5VB4Ai5Fr9s5JPakX8kOuH4XWTrs2ZQNDkR2"},"_chains":{"BXBv+4ueoqyD4s7SneLbya/rswrnFYphdyQDByZFc20v":{"chainKey":{"counter":219,"key":"q8KVhE+uualUXadi/3+HtFqqFMe9EEL6tukaRC5JVtY="},"chainType":1,"messageKeys":{}}},"pendingPreKey":{"signedKeyId":0,"baseKey":"BbTsIk6s0nZyntDMexDMBn/bx4IahWY9jpl6R1iAOnxw","preKeyId":13217613}}},"version":"v1"}