{"_sessions":{"BYqm9zGzQZQAOXNKQL3iZAn7bMmeiQxwVsI5vVcwJZR1":{"registrationId":1012169502,"currentRatchet":{"ephemeralKeyPair":{"pubKey":"BWlUrhMFKjHdq2R7SNi5B4OEFGoJELWyQjBEMnnAYBIb","privKey":"+AfhNRfG0Itad8ifUOHd7fqPafyPuPbolM7KW82hdHw="},"lastRemoteEphemeralKey":"BTxkYTWDLHngP4aNkvi0s0qyO2lCyZ3dxNMc9NY5FcZl","previousCounter":0,"rootKey":"LnuIypEf/0r06Rn9eNafOvIBHAqBv03NWM6oWTIrclk="},"indexInfo":{"baseKey":"BYqm9zGzQZQAOXNKQL3iZAn7bMmeiQxwVsI5vVcwJZR1","baseKeyType":1,"closed":-1,"used":1686138799031,"created":1686138799031,"remoteIdentityKey":"BbBNQii7mzsOeTA2AjAokLxzCxYNI66YN3pLZPT2q6Bx"},"_chains":{"BWlUrhMFKjHdq2R7SNi5B4OEFGoJELWyQjBEMnnAYBIb":{"chainKey":{"counter":263,"key":"YQBQgxUPxx1REmU5Dtq0P0n0+ubh1+yMbRNM+tXaE2A="},"chainType":1,"messageKeys":{}}},"pendingPreKey":{"signedKeyId":10,"baseKey":"BYqm9zGzQZQAOXNKQL3iZAn7bMmeiQxwVsI5vVcwJZR1","preKeyId":833564}}},"version":"v1"}