{"_sessions":{"BTylkcaaQCP45YYlIHPpWrzeWytEv8U3Y+GC3eqzBI8g":{"registrationId":916938499,"currentRatchet":{"ephemeralKeyPair":{"pubKey":"BTCcOy2LU9so4gnozJz6x8wRZ09o7qO/XpFzVNzqcTcz","privKey":"+JyJiyCX5cIeqh6EQXHGGq4OERa0qOJ80Ztt81CYNE0="},"lastRemoteEphemeralKey":"BZhReCEa3NKfMemYt9g4gGXOB99SCXhn4eGRU5ESzuo3","previousCounter":0,"rootKey":"zDdpvORWH6faz4OXV533aP5horXl60fLYSOKfxtSZTg="},"indexInfo":{"baseKey":"BTylkcaaQCP45YYlIHPpWrzeWytEv8U3Y+GC3eqzBI8g","baseKeyType":1,"closed":1686139365964,"used":1686138797794,"created":1686138797794,"remoteIdentityKey":"BS/Cw357HAdoS3d+MW2WFzR/lIlBCRoyu25Vfnyq8t43"},"_chains":{"BTCcOy2LU9so4gnozJz6x8wRZ09o7qO/XpFzVNzqcTcz":{"chainKey":{"counter":52,"key":"RLTzeDOoaSu1CWBkqrnDGa3krxzo+U6IVO06TyAd6kQ="},"chainType":1,"messageKeys":{}}},"pendingPreKey":{"signedKeyId":0,"baseKey":"BTylkcaaQCP45YYlIHPpWrzeWytEv8U3Y+GC3eqzBI8g","preKeyId":10536257}},"BVe8H5dWve8KBpon1WZNz99ELn/8GQ3Uh1txVTvOMdNp":{"registrationId":916938499,"currentRatchet":{"ephemeralKeyPair":{"pubKey":"BdMLgiEoGrpCC03HooS2kuqm91Veg4guS7D0t7UHjdI5","privKey":"4LmKi0LPDzadhJeA2QLLZDt7eNtuWorlciMCU8O9b0s="},"lastRemoteEphemeralKey":"BZhReCEa3NKfMemYt9g4gGXOB99SCXhn4eGRU5ESzuo3","previousCounter":0,"rootKey":"7B6/TSTvM7arW8fDZb7kZeqNMqFTM7E7gnmiCpkaR0o="},"indexInfo":{"baseKey":"BVe8H5dWve8KBpon1WZNz99ELn/8GQ3Uh1txVTvOMdNp","baseKeyType":1,"closed":-1,"used":1686139365954,"created":1686139365954,"remoteIdentityKey":"BS/Cw357HAdoS3d+MW2WFzR/lIlBCRoyu25Vfnyq8t43"},"_chains":{"BdMLgiEoGrpCC03HooS2kuqm91Veg4guS7D0t7UHjdI5":{"chainKey":{"counter":210,"key":"NHdJE+rjJni2Gev3rXAFvLVrAHYYhguA/JCR5QZpfoM="},"chainType":1,"messageKeys":{}}},"pendingPreKey":{"signedKeyId":0,"baseKey":"BVe8H5dWve8KBpon1WZNz99ELn/8GQ3Uh1txVTvOMdNp","preKeyId":10536791}}},"version":"v1"}