{"_sessions":{"BbA9xTG4CWabzLXf1/TMJUrTosYJy2Ej1P+5D41ERL5y":{"registrationId":1733120327,"currentRatchet":{"ephemeralKeyPair":{"pubKey":"BY0u+Nw+e8S51rYmu5HzOrzMxdua5Un/zEonrz84Ia1N","privKey":"8I1YIKHq+WERreD+wtPeHOxjDK8XsDIMAwdJRmUE7VY="},"lastRemoteEphemeralKey":"BbwbAtr26IFApKSy0UhD3dMHiXTNnZZVjbSwi1BePdoS","previousCounter":0,"rootKey":"VIT8V9Zo/bafEKzemfPHtDcJ1MY2wKbqooFxQ7BYA34="},"indexInfo":{"baseKey":"BbA9xTG4CWabzLXf1/TMJUrTosYJy2Ej1P+5D41ERL5y","baseKeyType":1,"closed":-1,"used":1686138797495,"created":1686138797495,"remoteIdentityKey":"BTOlneFfWKUVG58RodZM/E4Ti2RJ11PQ2c6+fplMJpU7"},"_chains":{"BY0u+Nw+e8S51rYmu5HzOrzMxdua5Un/zEonrz84Ia1N":{"chainKey":{"counter":263,"key":"MYqjwX4c5/qngx/yMxWyG3MGotvCNK8vV+b02lnzdXY="},"chainType":1,"messageKeys":{}}},"pendingPreKey":{"signedKeyId":2,"baseKey":"BbA9xTG4CWabzLXf1/TMJUrTosYJy2Ej1P+5D41ERL5y"}}},"version":"v1"}