{"_sessions":{"BaWgFOJrXyz0X6ejE7h6Dmjm8puxA3ciAO0z2NK3jiFh":{"registrationId":774547493,"currentRatchet":{"ephemeralKeyPair":{"pubKey":"BTMMVlZqQJpiHCSJZM9vsC9KJ7RJmzWgXTOmRnr7iZY+","privKey":"IA0VNnW+zg38Jp3n3VbU7QpdmFfZwcE5Hu7tOPHvcGo="},"lastRemoteEphemeralKey":"BTyoT2t2lEcmEH7WnR9nrcSjkrS8xCm2Fdbz5C6vWj5X","previousCounter":0,"rootKey":"RrLMVAJHuCVwObAdUADJPDpyzMvRlj/p5knvNfgcNIU="},"indexInfo":{"baseKey":"BaWgFOJrXyz0X6ejE7h6Dmjm8puxA3ciAO0z2NK3jiFh","baseKeyType":1,"closed":-1,"used":1686138798035,"created":1686138798035,"remoteIdentityKey":"BW2HbXquAscIlRnNgCXKb+udEQTRoK+Oc3h13bYcy3Au"},"_chains":{"BTMMVlZqQJpiHCSJZM9vsC9KJ7RJmzWgXTOmRnr7iZY+":{"chainKey":{"counter":263,"key":"1bOhgxteRpp0Ry3WxGS6tjq0F5QE3J7Dlz1Dd/8Zocc="},"chainType":1,"messageKeys":{}}},"pendingPreKey":{"signedKeyId":1,"baseKey":"BaWgFOJrXyz0X6ejE7h6Dmjm8puxA3ciAO0z2NK3jiFh"}}},"version":"v1"}