{"_sessions":{"BUd0Vd1wO9P/hc9dFpP3Chl1eeMbjWqGhlBJqRWHUUdL":{"registrationId":144,"currentRatchet":{"ephemeralKeyPair":{"pubKey":"BepYcTLMjaArzUH8X8Uq/wlLqPi0apNbtvyTECXPmc1/","privKey":"sCm8um7YnG6lIXjujXO9lLsmMQpRGLHV09CLQqyHM0U="},"lastRemoteEphemeralKey":"BYDnSJP9btYweFxqjyZzihxaYyml17+qFg4A1SdcZb1M","previousCounter":0,"rootKey":"pN/3rOekYmZRwloKl2n8cgujrpf+LcmW3+MxB+e+xiQ="},"indexInfo":{"baseKey":"BUd0Vd1wO9P/hc9dFpP3Chl1eeMbjWqGhlBJqRWHUUdL","baseKeyType":1,"closed":-1,"used":1686138796293,"created":1686138796293,"remoteIdentityKey":"BQyIffBwhGxqdtJT9fRXAk+m/HVWrPQxRJsHvcjAI5Na"},"_chains":{"BepYcTLMjaArzUH8X8Uq/wlLqPi0apNbtvyTECXPmc1/":{"chainKey":{"counter":263,"key":"/gr8a4PpT/63XFbyW3kaXEhTAj6yIRPbo3Au5k2fEnk="},"chainType":1,"messageKeys":{}}},"pendingPreKey":{"signedKeyId":1,"baseKey":"BUd0Vd1wO9P/hc9dFpP3Chl1eeMbjWqGhlBJqRWHUUdL"}}},"version":"v1"}