{"_sessions":{"BVjj2oMrpbS6/jmW93m61sL894//pZRwbw10o1v+whED":{"registrationId":1394539876,"currentRatchet":{"ephemeralKeyPair":{"pubKey":"BXrd74XPp61lxMoOk+Iis8IWm6sNWlpFidtOc3TuAKcl","privKey":"kDk+77sE/YDoeN7q1KosJkLDmTIWvhg0ZEzlA4BEcnE="},"lastRemoteEphemeralKey":"BTu8K2BHHiteNFJ2ARgraxBnCIqO2oevTnW4YF0OAloO","previousCounter":0,"rootKey":"mJAsC4F73T/eTjM3VkTcftlgKBM6jWNobUts2bEMpn8="},"indexInfo":{"baseKey":"BVjj2oMrpbS6/jmW93m61sL894//pZRwbw10o1v+whED","baseKeyType":1,"closed":-1,"used":1686138736901,"created":1686138736901,"remoteIdentityKey":"Bb5uEvtNRTH40M4fpswtAi0CuQbcEzUm8qvwbrygWbkP"},"_chains":{"BXrd74XPp61lxMoOk+Iis8IWm6sNWlpFidtOc3TuAKcl":{"chainKey":{"counter":2,"key":"Mef3vilxYqMZggpk/cvYT9HHHBtiIBo92/v8WOMxm6M="},"chainType":1,"messageKeys":{}}},"pendingPreKey":{"signedKeyId":4070993,"baseKey":"BVjj2oMrpbS6/jmW93m61sL894//pZRwbw10o1v+whED"}}},"version":"v1"}