{"_sessions":{"BeltLJt9MX0rWxt/HQz0GOIiSGZTn/rPwgPcm3oH84Ag":{"registrationId":183096494,"currentRatchet":{"ephemeralKeyPair":{"pubKey":"BT7a+zfsY3z7KR170hUgJWgLG2VXKJXtYCGI3lCWnTxz","privKey":"mFsPKy7avln06XCeK22H49X0E5OJNw51mofbm3PWNHc="},"lastRemoteEphemeralKey":"BcerzcxSkbaZt57bkW8cpbV2lNwMl+gpTL34cvLE5t9h","previousCounter":0,"rootKey":"C4xdqDIpV940F0nIiy4laXUWNo06a+pMOTMMVXFGx8c="},"indexInfo":{"baseKey":"BeltLJt9MX0rWxt/HQz0GOIiSGZTn/rPwgPcm3oH84Ag","baseKeyType":1,"closed":1686139307139,"used":1686138801455,"created":1686138801455,"remoteIdentityKey":"BcJB5HofvSKi1ChGOcdQ5ZW2uhu4OimMag/Ugw267G4w"},"_chains":{"BT7a+zfsY3z7KR170hUgJWgLG2VXKJXtYCGI3lCWnTxz":{"chainKey":{"counter":34,"key":"kTq/Q8K7DsdHODX7BgNI2GWXX9OSgsxsnKDxB0lqhW4="},"chainType":1,"messageKeys":{}}},"pendingPreKey":{"signedKeyId":8,"baseKey":"BeltLJt9MX0rWxt/HQz0GOIiSGZTn/rPwgPcm3oH84Ag","preKeyId":9617036}},"Bf71AWcAJ7WxjdL35WL1polH8b2wWzDIM7Ce5fIvBX1c":{"registrationId":183096494,"currentRatchet":{"ephemeralKeyPair":{"pubKey":"Bd2ZCxeuoQeQFnSBLhaTdgwAAHH2KUhechgFEqBq8Vcb","privKey":"GGdxbikE4nV1ZiF6fIYCslUIglwlWJQzbRuijV+Bq1I="},"lastRemoteEphemeralKey":"BfxVecs9MS8Rf4B1sYB/q1mF5BZI54CnwUF+G7l7kiNp","previousCounter":144,"rootKey":"9nxNbV8+GEkk0u3Wzv1SOb9kfkAPr0SXLNa6p0dVHu0="},"indexInfo":{"baseKey":"Bf71AWcAJ7WxjdL35WL1polH8b2wWzDIM7Ce5fIvBX1c","baseKeyType":1,"closed":-1,"used":1686141245901,"created":1686139307031,"remoteIdentityKey":"BcJB5HofvSKi1ChGOcdQ5ZW2uhu4OimMag/Ugw267G4w"},"_chains":{"BfxVecs9MS8Rf4B1sYB/q1mF5BZI54CnwUF+G7l7kiNp":{"chainKey":{"counter":0,"key":"GhB8lrWFLZO9use6gTy82OsDq3xexsCkMZinCxwSNww="},"chainType":2,"messageKeys":{}},"Bd2ZCxeuoQeQFnSBLhaTdgwAAHH2KUhechgFEqBq8Vcb":{"chainKey":{"counter":83,"key":"iqup6qWvdx+uEyjg4fiFIa5Bad50Bon1KbVXnbjiIyQ="},"chainType":1,"messageKeys":{}}}}},"version":"v1"}