{"_sessions":{"BW4qrK8nUiWGEw5mCas/wqClMI+8QuprouzN+XHAE1MC":{"registrationId":1324855097,"currentRatchet":{"ephemeralKeyPair":{"pubKey":"BVtuAbFVx2GfoUwecqDSIotOLkimfRdVmdpmDEm/fapa","privKey":"GNgKkbpr6mcMT28riM6V9OjvkzA1K1fBzuJUOlkSwVU="},"lastRemoteEphemeralKey":"BV6kzf+NI9cvHU+VZJFXwA4caX/SgbkdDp30JRA2NZ9b","previousCounter":0,"rootKey":"lBWdt3M1KjI5a5HNKAdd3YnkQ4GeTTDKDlHrm58NoUU="},"indexInfo":{"baseKey":"BW4qrK8nUiWGEw5mCas/wqClMI+8QuprouzN+XHAE1MC","baseKeyType":1,"closed":-1,"used":1686138803615,"created":1686138803615,"remoteIdentityKey":"BVVrp2wX/p0MDy6lyiX2mkoOyKXG5iLVvgIuxaaQTqwQ"},"_chains":{"BVtuAbFVx2GfoUwecqDSIotOLkimfRdVmdpmDEm/fapa":{"chainKey":{"counter":263,"key":"uA3diM/ypMN/cgQ8IZwwFTAIkz74W4kfuVJc4jzGg5o="},"chainType":1,"messageKeys":{}}},"pendingPreKey":{"signedKeyId":0,"baseKey":"BW4qrK8nUiWGEw5mCas/wqClMI+8QuprouzN+XHAE1MC"}}},"version":"v1"}