{"_sessions":{"BVfNsLmi8Rw6boiWkAL6XUrB3JdYgkIgrz74swsUT4Yi":{"registrationId":1575998958,"currentRatchet":{"ephemeralKeyPair":{"pubKey":"BRaDGwGN7mIqrDobKceNfZb3QF/Q69m/1DTvyku0K70r","privKey":"uCuDl1sfr9JLLelkQJ2/AFr3jSIBA0lHQs9ofqEkO3g="},"lastRemoteEphemeralKey":"BWF/BiiB3l9wTHnrC+RYVc5RGwghV5v4rXMvX3LhrUBy","previousCounter":0,"rootKey":"emfAbX6bEKU0CjucfVrYrN9GmfyYQMUTSoGBRbGMCRc="},"indexInfo":{"baseKey":"BVfNsLmi8Rw6boiWkAL6XUrB3JdYgkIgrz74swsUT4Yi","baseKeyType":1,"closed":1686139318682,"used":1686138803006,"created":1686138803006,"remoteIdentityKey":"BbW41BkrGauhwZiT7ugGgXOUD/7xW4TATUqc42iRNsly"},"_chains":{"BRaDGwGN7mIqrDobKceNfZb3QF/Q69m/1DTvyku0K70r":{"chainKey":{"counter":37,"key":"u41xAqqPHd4ZnpURVijbMzG7/ICe9OZGTISW4f1I7kA="},"chainType":1,"messageKeys":{}}},"pendingPreKey":{"signedKeyId":0,"baseKey":"BVfNsLmi8Rw6boiWkAL6XUrB3JdYgkIgrz74swsUT4Yi","preKeyId":16629308}},"BTH5zfnZvrRGz/K5F2pdrCYT1abXLZG6M1vHblw4qVtX":{"registrationId":1575998958,"currentRatchet":{"ephemeralKeyPair":{"pubKey":"Ba7uzKoljqC+KDehoA0wzVpP+NVnRh/fINNin+9FXs8l","privKey":"+BUfAw6bdeqyRlwX4QsyHI8egc//ev5ae2Et1lVhJVs="},"lastRemoteEphemeralKey":"BWF/BiiB3l9wTHnrC+RYVc5RGwghV5v4rXMvX3LhrUBy","previousCounter":0,"rootKey":"G91miSex8nuOf6RHUzr5Tcen5ffyeYK71N8jWo/g+Lg="},"indexInfo":{"baseKey":"BTH5zfnZvrRGz/K5F2pdrCYT1abXLZG6M1vHblw4qVtX","baseKeyType":1,"closed":-1,"used":1686139318668,"created":1686139318668,"remoteIdentityKey":"BbW41BkrGauhwZiT7ugGgXOUD/7xW4TATUqc42iRNsly"},"_chains":{"Ba7uzKoljqC+KDehoA0wzVpP+NVnRh/fINNin+9FXs8l":{"chainKey":{"counter":225,"key":"xRKJytg1ulYZKmgzsdITkR6ysYFsPZzTbJcsKCI0TXE="},"chainType":1,"messageKeys":{}}},"pendingPreKey":{"signedKeyId":0,"baseKey":"BTH5zfnZvrRGz/K5F2pdrCYT1abXLZG6M1vHblw4qVtX","preKeyId":16628668}}},"version":"v1"}