{"_sessions":{"BfX1wX+sdQ1Proza8kU/Th/k50JiJ81/uY2tij9ioeFt":{"registrationId":207249881,"currentRatchet":{"ephemeralKeyPair":{"pubKey":"BTnJZryF18qIsHpyUuHu6G2xDz9DfGYio3SIo9Nx4m4Z","privKey":"sGN8O3gPRq/u96bFcgmD3MFRMxIZfmXlNvn1N8ub3lg="},"lastRemoteEphemeralKey":"Bcbmh0kq0jcniMPfCu0AzQcaNd32UvGScB39LkZgyJdt","previousCounter":0,"rootKey":"rRqP1/W3b6y7AGp3Eo+HheKgcNfuKeaZa7V2zF+EU4g="},"indexInfo":{"baseKey":"BfX1wX+sdQ1Proza8kU/Th/k50JiJ81/uY2tij9ioeFt","baseKeyType":1,"closed":1686141315089,"used":1686138800671,"created":1686138800671,"remoteIdentityKey":"Bf++9/2CGhBUfKTtCeH/T+fYMl2ezlraUAn5YazR8MoH"},"_chains":{"BTnJZryF18qIsHpyUuHu6G2xDz9DfGYio3SIo9Nx4m4Z":{"chainKey":{"counter":200,"key":"CQH25MIdk1TZi4a1XCwJF4A48M/I8taF7re3DOpSvLU="},"chainType":1,"messageKeys":{}}},"pendingPreKey":{"signedKeyId":2,"baseKey":"BfX1wX+sdQ1Proza8kU/Th/k50JiJ81/uY2tij9ioeFt","preKeyId":2368451}},"BWqkxu/R6ucQvmESkszwWOucdpmqp6PPsrY/zgjAI0Eg":{"registrationId":207249881,"currentRatchet":{"ephemeralKeyPair":{"pubKey":"Bf05PUHH/7v5nMRIc+c/8i9sHxm9YMGGB4FIYiBmqNNr","privKey":"YMuvxdv0ok4vKY1nnUZDk7UTclUpYTin07zHHBwzuH0="},"lastRemoteEphemeralKey":"Bcbmh0kq0jcniMPfCu0AzQcaNd32UvGScB39LkZgyJdt","previousCounter":0,"rootKey":"5QDVS4WusQHkcQFam49vWw22DTmIwwnhewR6TDIl30c="},"indexInfo":{"baseKey":"BWqkxu/R6ucQvmESkszwWOucdpmqp6PPsrY/zgjAI0Eg","baseKeyType":1,"closed":-1,"used":1686141315048,"created":1686141315048,"remoteIdentityKey":"Bf++9/2CGhBUfKTtCeH/T+fYMl2ezlraUAn5YazR8MoH"},"_chains":{"Bf05PUHH/7v5nMRIc+c/8i9sHxm9YMGGB4FIYiBmqNNr":{"chainKey":{"counter":62,"key":"n1K0JdPCbYUpxB63sED7dZPMZtRqPsBxCslcBMaygx8="},"chainType":1,"messageKeys":{}}},"pendingPreKey":{"signedKeyId":2,"baseKey":"BWqkxu/R6ucQvmESkszwWOucdpmqp6PPsrY/zgjAI0Eg","preKeyId":2368590}}},"version":"v1"}