{"_sessions":{"BUDrci79YXNiO56u2Ee7hDyoMUiv/TorTQhCQOkSgMkk":{"registrationId":38,"currentRatchet":{"ephemeralKeyPair":{"pubKey":"BX7RgP91qr2XS7QWEBEiTT8ejEaB4HQUt9BJPWDPhgtI","privKey":"8Mvo8oRI+AXnHEg8jhPfG18zgoKOQu1cUKKpmauCpl0="},"lastRemoteEphemeralKey":"BTRKj/DU0lWKlN7VhePMjaFSABEk9tK4pXy3sqD3tSRH","previousCounter":0,"rootKey":"yqgHbxwO4tXTOAHX6Dd3FWT2PvKyTcV6q3Ql2G2oPZs="},"indexInfo":{"baseKey":"BUDrci79YXNiO56u2Ee7hDyoMUiv/TorTQhCQOkSgMkk","baseKeyType":1,"closed":-1,"used":1686139042609,"created":1686139042609,"remoteIdentityKey":"Bc99DSFSfGD6Rj21C1GWUEfbaPtmWj2bIu+LfK62CnlN"},"_chains":{"BX7RgP91qr2XS7QWEBEiTT8ejEaB4HQUt9BJPWDPhgtI":{"chainKey":{"counter":263,"key":"BMTwouP+iFHkaUp3ySnZP9Gwv4U67DrRTfNai4xYzAE="},"chainType":1,"messageKeys":{}}},"pendingPreKey":{"signedKeyId":1,"baseKey":"BUDrci79YXNiO56u2Ee7hDyoMUiv/TorTQhCQOkSgMkk"}}},"version":"v1"}