{"_sessions":{"Be6bIRsf/m9G6SfAlCtWoJ5gR9CyzgumRlxWirdECpYJ":{"registrationId":587669005,"currentRatchet":{"ephemeralKeyPair":{"pubKey":"BRzV4ggKCyHbUDP42jY07aN8Pg8B3nnsAXAPl/k0nUxB","privKey":"aM5dPMPSO72ul8DcPH8oxhR5ZvkD4kVTdP2xQf7v3kQ="},"lastRemoteEphemeralKey":"BaGj8FKvgbYEsW+3GMGxhPM9MIYxn3xfhUTDyNXAcCtR","previousCounter":0,"rootKey":"IMTkJ/RGjo2jk6NqAoYbvvMyDNMUS2e/ArvEpjezMT0="},"indexInfo":{"baseKey":"Be6bIRsf/m9G6SfAlCtWoJ5gR9CyzgumRlxWirdECpYJ","baseKeyType":1,"closed":-1,"used":1686138800528,"created":1686138800528,"remoteIdentityKey":"BVUxUUwCZwCg1CX8F3Lim6iUFwMhyGDdzfDI96+fdeQm"},"_chains":{"BRzV4ggKCyHbUDP42jY07aN8Pg8B3nnsAXAPl/k0nUxB":{"chainKey":{"counter":263,"key":"2ZYr/m4IeOqHFJTV/tMFLA7qJh9lPOK6W+yYPu7MpD8="},"chainType":1,"messageKeys":{}}},"pendingPreKey":{"signedKeyId":2,"baseKey":"Be6bIRsf/m9G6SfAlCtWoJ5gR9CyzgumRlxWirdECpYJ","preKeyId":15143748}}},"version":"v1"}