{"_sessions":{"BWXPeyEsQnlJ9d9HNV5wZkDfpfLyOmuL7lc0uDjp8RRH":{"registrationId":703717788,"currentRatchet":{"ephemeralKeyPair":{"pubKey":"BWt9ADSf8TG4X2zbM0mEKTyUZ/AYkdhKhC4u9yHAvWtG","privKey":"EEk91HKCNdRdQvvhaOG8m2wF0IN+gFxw2p3gs34rwFw="},"lastRemoteEphemeralKey":"BT9IM4xOz5KC9Okko2TEOSeYKtFXoR5/q7tb6D9yQfYK","previousCounter":0,"rootKey":"aFAoJzZDtBIFlAa4kJT+s8dwdDsD1KZeiUCRD7BTqkk="},"indexInfo":{"baseKey":"BWXPeyEsQnlJ9d9HNV5wZkDfpfLyOmuL7lc0uDjp8RRH","baseKeyType":1,"closed":1686139481517,"used":1686138802523,"created":1686138802523,"remoteIdentityKey":"BfjEMwr72YAweUYViLw/DvuO/ulvmN/AVwPBbm6bGK9P"},"_chains":{"BWt9ADSf8TG4X2zbM0mEKTyUZ/AYkdhKhC4u9yHAvWtG":{"chainKey":{"counter":64,"key":"8aDeXfnrD2FFLtJPC7KJ/h8su7fq54Q3EmSINAbrqOY="},"chainType":1,"messageKeys":{}}},"pendingPreKey":{"signedKeyId":0,"baseKey":"BWXPeyEsQnlJ9d9HNV5wZkDfpfLyOmuL7lc0uDjp8RRH","preKeyId":9651432}},"BZ1FSLKGO/fG71vTXVTLoeQNfopp6Bm3ipMPSuSvhwwS":{"registrationId":703717788,"currentRatchet":{"ephemeralKeyPair":{"pubKey":"Bc4kb8ICQfXaDCHZa3A6fddn3Drv5enfbPPr1F8iMvAX","privKey":"GH/y9OAi7MIyc0OOp+JFixfQVF6PRC5HHBSb+Im2GVE="},"lastRemoteEphemeralKey":"BT9IM4xOz5KC9Okko2TEOSeYKtFXoR5/q7tb6D9yQfYK","previousCounter":0,"rootKey":"nW8UFikGc5sJFoZeSlf75B8hoCCYU3tBfpVgkcJZzUU="},"indexInfo":{"baseKey":"BZ1FSLKGO/fG71vTXVTLoeQNfopp6Bm3ipMPSuSvhwwS","baseKeyType":1,"closed":-1,"used":1686139481481,"created":1686139481481,"remoteIdentityKey":"BfjEMwr72YAweUYViLw/DvuO/ulvmN/AVwPBbm6bGK9P"},"_chains":{"Bc4kb8ICQfXaDCHZa3A6fddn3Drv5enfbPPr1F8iMvAX":{"chainKey":{"counter":198,"key":"MVjzUHaHa1JTvjJutJ8Xh11GxuVpvgkNrwPDsJVIjtI="},"chainType":1,"messageKeys":{}}},"pendingPreKey":{"signedKeyId":0,"baseKey":"BZ1FSLKGO/fG71vTXVTLoeQNfopp6Bm3ipMPSuSvhwwS","preKeyId":9651492}}},"version":"v1"}