{"_sessions":{"Be3PUSlrEfg4PLAuQQYi+UGXWFi/GwY9WfH3ebDf6M0t":{"registrationId":1054533888,"currentRatchet":{"ephemeralKeyPair":{"pubKey":"BcK5BCWkEcuItsqYFrzdaBEpYpm5ZHTyYlSmh2/5dQ5h","privKey":"OCxQwK9VCXa2Va5Wr7wK7zKK6vanx5jngbLsQvcfTkQ="},"lastRemoteEphemeralKey":"BRVYduvJr8C8aY3qins1np/RrjGbP2mGfH8MbMR5L8gz","previousCounter":0,"rootKey":"H58Y7NmugLnfjipfw6tZfZAWWN5sRWNUKDDnDl0kgMU="},"indexInfo":{"baseKey":"Be3PUSlrEfg4PLAuQQYi+UGXWFi/GwY9WfH3ebDf6M0t","baseKeyType":1,"closed":-1,"used":1686138803757,"created":1686138803757,"remoteIdentityKey":"Bd/PbwSyQibcFCHp7LvxGMEMWxNTLPa+T6iQ/ap6/gpk"},"_chains":{"BcK5BCWkEcuItsqYFrzdaBEpYpm5ZHTyYlSmh2/5dQ5h":{"chainKey":{"counter":263,"key":"njPRCbIo2ia0DNP0AHR8Z9JJS3sL/pZ9icZg7kD2P00="},"chainType":1,"messageKeys":{}}},"pendingPreKey":{"signedKeyId":1,"baseKey":"Be3PUSlrEfg4PLAuQQYi+UGXWFi/GwY9WfH3ebDf6M0t"}}},"version":"v1"}