{"_sessions":{"Bc6MykJ/VfvkDgOypwMrXMjq/ap7kjyx9Y7XyNrxSwgI":{"registrationId":366884551,"currentRatchet":{"ephemeralKeyPair":{"pubKey":"BfBQFurGAG4ouEg9BQr1ipxuoWEn81TZYAvhymu4Ag8n","privKey":"QI9ABsLJWI/EM/1h5vLmjDhKk4tsq7CPQq+2IdOFLm0="},"lastRemoteEphemeralKey":"BU2ut4Dv+mGbqY4WsMKFutTpplRzGsrk/Zjo6S1+6v9U","previousCounter":0,"rootKey":"yr+zg+jJHb0YDHZ0doaTpXgqfUBzhh8xW4sIn/UOiFI="},"indexInfo":{"baseKey":"Bc6MykJ/VfvkDgOypwMrXMjq/ap7kjyx9Y7XyNrxSwgI","baseKeyType":1,"closed":-1,"used":1686138803684,"created":1686138803684,"remoteIdentityKey":"BWz5ftkPyL4PVR0gp25GD3SK1G5W3FTUZcnCuc/dpbZb"},"_chains":{"BfBQFurGAG4ouEg9BQr1ipxuoWEn81TZYAvhymu4Ag8n":{"chainKey":{"counter":263,"key":"Sct7ohUeWZ2LFz9cJ8Kt5BtZAxPnvyNxYn08k/l6DIY="},"chainType":1,"messageKeys":{}}},"pendingPreKey":{"signedKeyId":9,"baseKey":"Bc6MykJ/VfvkDgOypwMrXMjq/ap7kjyx9Y7XyNrxSwgI","preKeyId":5095078}}},"version":"v1"}