{"_sessions":{"BV2oJY26Hr+3UBuyTsDaq7lACkJRS7GpUmV+yFuA59p0":{"registrationId":2051610051,"currentRatchet":{"ephemeralKeyPair":{"pubKey":"Bew1EtDoN27wIqx92iXVvCbFeC/VxCXNTF+rOc6TDr9S","privKey":"uOYVRmx5DPZ8K8BWDbmjrQwVKVR6iffQVReY909IMVM="},"lastRemoteEphemeralKey":"BdAPJ1QdgLaFU/0JDT0xw3ytQj7/EPFj6d4iLG4sz+wb","previousCounter":0,"rootKey":"Neld0K3aCDGmtE1rZ8mOU7QiP/qX6WV52qTgC5IdhBA="},"indexInfo":{"baseKey":"BV2oJY26Hr+3UBuyTsDaq7lACkJRS7GpUmV+yFuA59p0","baseKeyType":1,"closed":-1,"used":1686138798715,"created":1686138798715,"remoteIdentityKey":"Baz+dklaUnQxxAk13psZlHvi1mM3NdBgNClFnhpME756"},"_chains":{"Bew1EtDoN27wIqx92iXVvCbFeC/VxCXNTF+rOc6TDr9S":{"chainKey":{"counter":263,"key":"rjyY0ZrIWUfKJ8VBhLrK1OcWGi0gUbYWYwxsvf8k9Ho="},"chainType":1,"messageKeys":{}}},"pendingPreKey":{"signedKeyId":3,"baseKey":"BV2oJY26Hr+3UBuyTsDaq7lACkJRS7GpUmV+yFuA59p0","preKeyId":9885036}}},"version":"v1"}