{"_sessions":{"BQzcl3zms+Aw8NRtt6i3PigwAmvVfsqXy90dodzo3OBZ":{"registrationId":888953926,"currentRatchet":{"ephemeralKeyPair":{"pubKey":"BZWF4B2OsTIEQMb/oGWN+zMpl7NT40Ed89if1p7VjR82","privKey":"QKyT2eQhZUO7PCneRO8ZLP3NgPBxSaMuFcXVkhfsaH0="},"lastRemoteEphemeralKey":"BWhzaUq6/hbkQnqBN7WtOLSdzm6e/kgmdPp27YNaoFsg","previousCounter":0,"rootKey":"Qfv+KcvxgOgR9M1plBG89cDJHGghKv9Yk0s+0b6NfnI="},"indexInfo":{"baseKey":"BQzcl3zms+Aw8NRtt6i3PigwAmvVfsqXy90dodzo3OBZ","baseKeyType":1,"closed":-1,"used":1686138800436,"created":1686138800436,"remoteIdentityKey":"BXiYH3KhRRCmYU9Ev33gwu/HxaJtbs5qJ2KBkTqdeMYa"},"_chains":{"BZWF4B2OsTIEQMb/oGWN+zMpl7NT40Ed89if1p7VjR82":{"chainKey":{"counter":263,"key":"GYltqUFYPmmCfzan1mhAZGCkcIbnn5oj9juFqddYv3Y="},"chainType":1,"messageKeys":{}}},"pendingPreKey":{"signedKeyId":1,"baseKey":"BQzcl3zms+Aw8NRtt6i3PigwAmvVfsqXy90dodzo3OBZ"}}},"version":"v1"}