{"_sessions":{"BT2JQ69s0K5xYTpTzXVtUbL14QHctcyuwS+I2+aRE8Ey":{"registrationId":1113407953,"currentRatchet":{"ephemeralKeyPair":{"pubKey":"BQ9KVLm4kmUcDYYxUwXuUf3AIRx4kLoj194Gzmeju90O","privKey":"kGeIEYl0i+b5vJ4E2kAaVHpyDHR98niiSUbWAL7Hvnc="},"lastRemoteEphemeralKey":"BY/dvp7aIqh0rFfa3j+9asKLvitK8thp9KtI5RZA52cO","previousCounter":0,"rootKey":"TZWNZPTozEzlwsVYzBvN2uD0dc/no+L8kaslVOASN90="},"indexInfo":{"baseKey":"BT2JQ69s0K5xYTpTzXVtUbL14QHctcyuwS+I2+aRE8Ey","baseKeyType":1,"closed":-1,"used":1686138803416,"created":1686138803416,"remoteIdentityKey":"BYkm6I4vUq7rjB/Jve3o9iRjpghzwaiJjvhRHslhZT9N"},"_chains":{"BQ9KVLm4kmUcDYYxUwXuUf3AIRx4kLoj194Gzmeju90O":{"chainKey":{"counter":263,"key":"aFAKxD1TzEgGJwyPEcaDbdRSY8X50+fDMKEnIbhtjUg="},"chainType":1,"messageKeys":{}}},"pendingPreKey":{"signedKeyId":0,"baseKey":"BT2JQ69s0K5xYTpTzXVtUbL14QHctcyuwS+I2+aRE8Ey","preKeyId":12584424}}},"version":"v1"}