{"_sessions":{"BTiQ9wqCdZKx4k5pI5l0jQzx/uVTs1jj6ChzBEkhNg8l":{"registrationId":92,"currentRatchet":{"ephemeralKeyPair":{"pubKey":"BbINmftGBUYl3wTDwTqtDWVodG349oueV90c0MTgjCRg","privKey":"oNtDSR8yvU6OjVJbZ6bzFCAZ0MRCKMmd93mkJDLd0ko="},"lastRemoteEphemeralKey":"BSV9nkRyVoJSgmUAq8P3wuf7KahPmwEuRL+Q5/HEqHpc","previousCounter":0,"rootKey":"DgE1wxOVnbYD92LBj0a2zoncGJ1PXNec5ZUzrPuGJec="},"indexInfo":{"baseKey":"BTiQ9wqCdZKx4k5pI5l0jQzx/uVTs1jj6ChzBEkhNg8l","baseKeyType":1,"closed":-1,"used":1686138795525,"created":1686138795525,"remoteIdentityKey":"Beb0lrpf5HLP6Uv0Ut7jml3wDrOcps/az9JIu28YRP9s"},"_chains":{"BbINmftGBUYl3wTDwTqtDWVodG349oueV90c0MTgjCRg":{"chainKey":{"counter":263,"key":"lb8CKeZcpaxzQrXb6eO/R7jmSzvYGj7s944rMSa7wSw="},"chainType":1,"messageKeys":{}}},"pendingPreKey":{"signedKeyId":1,"baseKey":"BTiQ9wqCdZKx4k5pI5l0jQzx/uVTs1jj6ChzBEkhNg8l"}}},"version":"v1"}