{"_sessions":{"BaLzXwSHgUCmWIkySpecpuEBIjVfe2MJwbl6iGrVfhd+":{"registrationId":1449836147,"currentRatchet":{"ephemeralKeyPair":{"pubKey":"BY/0+kdn7pm5v2EJS/tD2YnpkP9s63zrvEVDYOpfwRkg","privKey":"EL8JQY6WytmCBbt94F2rCXWYPhj5iMzMSqvQUuhr5mk="},"lastRemoteEphemeralKey":"BTALp33bA6E+jY6koEYYyveQmffBqvu5qQdykBRMiOMu","previousCounter":106,"rootKey":"JoaHhXVy/La8QIO+k6oxXcPMbGbOo9o/QDutwTLLthM="},"indexInfo":{"baseKey":"BaLzXwSHgUCmWIkySpecpuEBIjVfe2MJwbl6iGrVfhd+","baseKeyType":1,"closed":-1,"used":1686139887638,"created":1686138798283,"remoteIdentityKey":"BZ3F7LJxET0mcbvx7kVK3nenxHi+qbCDyJ+9fkFGq2EG"},"_chains":{"BTALp33bA6E+jY6koEYYyveQmffBqvu5qQdykBRMiOMu":{"chainKey":{"counter":0,"key":"q/sxXwzUMBHhrVjmFwMbXuIab7QIYsc+39PZ2fvHr2E="},"chainType":2,"messageKeys":{}},"BY/0+kdn7pm5v2EJS/tD2YnpkP9s63zrvEVDYOpfwRkg":{"chainKey":{"counter":156,"key":"Tv7Wji+/Q1bAK/m9nOf5fUm9fq7gG9mwU61BcHCbjLU="},"chainType":1,"messageKeys":{}}}}},"version":"v1"}