{"_sessions":{"BYZdqIxBLYYdgE5RsBJ1rhT/Lm51A0rW4uckOgWaSJgP":{"registrationId":1730495192,"currentRatchet":{"ephemeralKeyPair":{"pubKey":"Ba7pmR4KP0g5d0EfZUktOyH/8To53v7AOCyfe1PeX6RP","privKey":"+HnQ0bX5UAS5mztlaM9dJTPz2qJZvl6iQekNaD0SzlA="},"lastRemoteEphemeralKey":"BWQDuj1xTsTmgdhrcRENUftKBEcaFBtceP6sjPVxXA1g","previousCounter":0,"rootKey":"C2Ks6ofxEXYa/sgp+LUIIvgFmuBarXspmBIwqSrPNlc="},"indexInfo":{"baseKey":"BYZdqIxBLYYdgE5RsBJ1rhT/Lm51A0rW4uckOgWaSJgP","baseKeyType":1,"closed":-1,"used":1686138797437,"created":1686138797437,"remoteIdentityKey":"BeUmMslsxngEddGqiMXluui7b1VUKalYRYn8SOjNTwtT"},"_chains":{"Ba7pmR4KP0g5d0EfZUktOyH/8To53v7AOCyfe1PeX6RP":{"chainKey":{"counter":263,"key":"IYys4QeYeOqZj20llnpFfZovfOcvfDz3/s8hpF2TgcE="},"chainType":1,"messageKeys":{}}},"pendingPreKey":{"signedKeyId":0,"baseKey":"BYZdqIxBLYYdgE5RsBJ1rhT/Lm51A0rW4uckOgWaSJgP","preKeyId":8000882}}},"version":"v1"}