{"_sessions":{"BU5RcLgGXrHP+Faz5eE3Edwb1rKBGTv+XdaypwwtSXww":{"registrationId":45,"currentRatchet":{"ephemeralKeyPair":{"pubKey":"BTA2sqD6NBit3Cea9UWAKKzcDtH5/3W8/wLUEIasPkhE","privKey":"iKKY3EqWB7Wbl0CklV/3D+upTHtvVAkRcjLGhS5oDU0="},"lastRemoteEphemeralKey":"BTDPlUG7kuuOiJdLipFToUUqYLRQASH8fp5WSSDEEP9k","previousCounter":0,"rootKey":"iDG1uvCeBvKV8gCp8g3ZziuHmQ+TxhFYDH+cBOrZ9mg="},"indexInfo":{"baseKey":"BU5RcLgGXrHP+Faz5eE3Edwb1rKBGTv+XdaypwwtSXww","baseKeyType":1,"closed":-1,"used":1686138795954,"created":1686138795954,"remoteIdentityKey":"BWc9ZAimeRR9OXF51BBnOr4vLgUhKxPQiOlZo8Pr6cEf"},"_chains":{"BTA2sqD6NBit3Cea9UWAKKzcDtH5/3W8/wLUEIasPkhE":{"chainKey":{"counter":265,"key":"WZ3jJeeSMrpTmGTCzREV4tcQQkbEFJ4HeULrC6JYljY="},"chainType":1,"messageKeys":{}}},"pendingPreKey":{"signedKeyId":1,"baseKey":"BU5RcLgGXrHP+Faz5eE3Edwb1rKBGTv+XdaypwwtSXww"}}},"version":"v1"}