{"_sessions":{"BXsAIm0Bn94xmI+AWiZslyRrJrUyVYhqswVDiaYXsvEp":{"registrationId":1203670019,"currentRatchet":{"ephemeralKeyPair":{"pubKey":"BYKdGy99TB1e/vQVe1DgrIKD3U1CJeLkRVZ2AdJzzddi","privKey":"QIsG/uDs8z7KVmuxTkikiZTDHVU1gGvNNid/H4RrOHs="},"lastRemoteEphemeralKey":"Bd/qigz8qX0pIyLGS+mHycCBqAh2LEBvPKqqeafhgiRh","previousCounter":0,"rootKey":"RdK37Q4GnSlrDpdK/RpDLkIv+YAb3TAg9u+40HALQ6M="},"indexInfo":{"baseKey":"BXsAIm0Bn94xmI+AWiZslyRrJrUyVYhqswVDiaYXsvEp","baseKeyType":1,"closed":1686139288299,"used":1686138802963,"created":1686138802963,"remoteIdentityKey":"BRALkCf/BFOC/ou7RfQ7QvSk5ldY/i/1IDeVdAOaHSg5"},"_chains":{"BYKdGy99TB1e/vQVe1DgrIKD3U1CJeLkRVZ2AdJzzddi":{"chainKey":{"counter":30,"key":"nw39ppiHVrJzPjqHmHyhh80l9QwueKIZgupCCwn5a2Y="},"chainType":1,"messageKeys":{}}},"pendingPreKey":{"signedKeyId":5,"baseKey":"BXsAIm0Bn94xmI+AWiZslyRrJrUyVYhqswVDiaYXsvEp","preKeyId":245979}},"BWj+ThgEryTyqJtXJMCsQeTqt0bmvQ3JOAslR91UBxgQ":{"registrationId":1203670019,"currentRatchet":{"ephemeralKeyPair":{"pubKey":"Bbkgr3KylOU28G9LOfy9scn8icUUrY4KCgA0ecnox3JW","privKey":"EG61kagxJz0g4m4Hd+4DLH6hK9o8rZl+1akomZIyoko="},"lastRemoteEphemeralKey":"Bd/qigz8qX0pIyLGS+mHycCBqAh2LEBvPKqqeafhgiRh","previousCounter":0,"rootKey":"eArNNC+zNYRHpOKQbAeCva2BauDLed4JFQC4Nu2nNNw="},"indexInfo":{"baseKey":"BWj+ThgEryTyqJtXJMCsQeTqt0bmvQ3JOAslR91UBxgQ","baseKeyType":1,"closed":-1,"used":1686139288232,"created":1686139288232,"remoteIdentityKey":"BRALkCf/BFOC/ou7RfQ7QvSk5ldY/i/1IDeVdAOaHSg5"},"_chains":{"Bbkgr3KylOU28G9LOfy9scn8icUUrY4KCgA0ecnox3JW":{"chainKey":{"counter":232,"key":"HNLJn5F1yMijJOX0WnDJ95bMITCfA7ffnAJD3Ks0pMc="},"chainType":1,"messageKeys":{}}},"pendingPreKey":{"signedKeyId":5,"baseKey":"BWj+ThgEryTyqJtXJMCsQeTqt0bmvQ3JOAslR91UBxgQ","preKeyId":245988}}},"version":"v1"}