{"_sessions":{"BbUIStnuOnxFQ6TLlxwdWhAlVdrY1ZYlUM8TdFkaIfw2":{"registrationId":1639097136,"currentRatchet":{"ephemeralKeyPair":{"pubKey":"BZ2EHEjYcaZrn719NXy9g/9tMQg+9OkYthS4+y7Q8vc3","privKey":"qD5WP5u/4BDvjyH7QQtaVMk3LuUXTyG9e1T/NS5j530="},"lastRemoteEphemeralKey":"BdDpxTvada9e5zI6XcTBJhLRd237F12dTF9nJyX3yWpu","previousCounter":0,"rootKey":"TjJkJgX5E9mQmaN943z35eVhc4yVlO3nw8zQKSVi/NI="},"indexInfo":{"baseKey":"BbUIStnuOnxFQ6TLlxwdWhAlVdrY1ZYlUM8TdFkaIfw2","baseKeyType":1,"closed":1686139256245,"used":1686138802223,"created":1686138802223,"remoteIdentityKey":"Bcm9Inrmk0Qdh+SNU84yVu36/xSDzyhnym7OhKgpOgNe"},"_chains":{"BZ2EHEjYcaZrn719NXy9g/9tMQg+9OkYthS4+y7Q8vc3":{"chainKey":{"counter":24,"key":"cV7md3aiXW9FJJtVOwt5AJeZglXwR4WBkChoaNLeEls="},"chainType":1,"messageKeys":{}}},"pendingPreKey":{"signedKeyId":0,"baseKey":"BbUIStnuOnxFQ6TLlxwdWhAlVdrY1ZYlUM8TdFkaIfw2","preKeyId":764511}},"Bc1Y4cDhXney+DjV/eFTQxO7xlqineprdK3eXKva45UR":{"registrationId":1639097136,"currentRatchet":{"ephemeralKeyPair":{"pubKey":"BWy1x6XnWOE1IKtwml/Sz0etsbkQWdRtRsE2CugagV4c","privKey":"uPw8zhpJKYxneuQnpbhkq8qPiyHWYzSbiNgf13O0S1c="},"lastRemoteEphemeralKey":"BdDpxTvada9e5zI6XcTBJhLRd237F12dTF9nJyX3yWpu","previousCounter":0,"rootKey":"2xJgNI50nzNkTaE/iU7DdZSw0azR/QlNRjPytHCTT2E="},"indexInfo":{"baseKey":"Bc1Y4cDhXney+DjV/eFTQxO7xlqineprdK3eXKva45UR","baseKeyType":1,"closed":-1,"used":1686139256211,"created":1686139256211,"remoteIdentityKey":"Bcm9Inrmk0Qdh+SNU84yVu36/xSDzyhnym7OhKgpOgNe"},"_chains":{"BWy1x6XnWOE1IKtwml/Sz0etsbkQWdRtRsE2CugagV4c":{"chainKey":{"counter":238,"key":"yxOzBbSYxVhNOaSdmcf7Qzc7X4rXig7wMQhbPBXqyZA="},"chainType":1,"messageKeys":{}}},"pendingPreKey":{"signedKeyId":0,"baseKey":"Bc1Y4cDhXney+DjV/eFTQxO7xlqineprdK3eXKva45UR","preKeyId":764625}}},"version":"v1"}