{"_sessions":{"BZhrTh7E1jpb2fXd8icAYE4RynszpKulAt1GW2f2gXFd":{"registrationId":26,"currentRatchet":{"ephemeralKeyPair":{"pubKey":"BV4THGxH/MpUV6b3xMieHMqLwFeeIgqyID2Ie/NAp/5t","privKey":"YAX1iWOZOw5/idXEvPZT7aguwhd+9VNBP+2wIrijq2s="},"lastRemoteEphemeralKey":"Bd2mhrYVU2SE8FuTm96yB80bxqix7h+sqKWGvEfjc6dz","previousCounter":0,"rootKey":"AljGyEkkPNBk8S1KNAUC/huAeLJAcvYIOHYHKvesWKk="},"indexInfo":{"baseKey":"BZhrTh7E1jpb2fXd8icAYE4RynszpKulAt1GW2f2gXFd","baseKeyType":1,"closed":-1,"used":1686138796315,"created":1686138796315,"remoteIdentityKey":"BUHpnxHm1bPz+pHxmgUmF6YobzRdDcRFUZZ+c+PadWxn"},"_chains":{"BV4THGxH/MpUV6b3xMieHMqLwFeeIgqyID2Ie/NAp/5t":{"chainKey":{"counter":263,"key":"mZ+0M92nupFtcB8plX+rl+2GAUH1wY3b+24o1rlQMog="},"chainType":1,"messageKeys":{}}},"pendingPreKey":{"signedKeyId":1,"baseKey":"BZhrTh7E1jpb2fXd8icAYE4RynszpKulAt1GW2f2gXFd"}}},"version":"v1"}