{"_sessions":{"BTEzTYXiN/TjbRPvG6Io4I0xWoajIa18h2PLo5gWuoNr":{"registrationId":359721974,"currentRatchet":{"ephemeralKeyPair":{"pubKey":"BQGquoptAGUt8SlaYWWxfR3qerxyyLaDYeNvvWLPWPMJ","privKey":"iKx1yfXQD5e7D+V9LhN+Kg77RgiusZVcIpNTUFTckUU="},"lastRemoteEphemeralKey":"BV9lPhHIBh0rc3cuEOoq57LeuZW9L78tr0Z0gQchvVIN","previousCounter":0,"rootKey":"nS4xIAR8qVDVtMwxjWG+DZWZn3zE/k+HglSLyNmnDGc="},"indexInfo":{"baseKey":"BTEzTYXiN/TjbRPvG6Io4I0xWoajIa18h2PLo5gWuoNr","baseKeyType":1,"closed":1686139325870,"used":1686138803667,"created":1686138803667,"remoteIdentityKey":"BdYnYCeYF4+7GDqPuexwQV9QeFaEj9Wc5ELu1ZTsUkcW"},"_chains":{"BQGquoptAGUt8SlaYWWxfR3qerxyyLaDYeNvvWLPWPMJ":{"chainKey":{"counter":39,"key":"hmTFkCZenwoUSeoliggo3JMtN0H3soEwDsp7s8SakFo="},"chainType":1,"messageKeys":{}}},"pendingPreKey":{"signedKeyId":5,"baseKey":"BTEzTYXiN/TjbRPvG6Io4I0xWoajIa18h2PLo5gWuoNr","preKeyId":9963004}},"BYC5GrPTCdkl+y4feLgo1I9u2Z0eWoEkQJ2c2qTvGRoe":{"registrationId":359721974,"currentRatchet":{"ephemeralKeyPair":{"pubKey":"BaPh5SCaQSj/gPLKEd/fIDH+1zyVpT/1VWA0FfN7n2Fm","privKey":"yNYXIWG+iYT3lWqvN5KWC833R/x7nOccYmLvbTI7AW0="},"lastRemoteEphemeralKey":"BV9lPhHIBh0rc3cuEOoq57LeuZW9L78tr0Z0gQchvVIN","previousCounter":0,"rootKey":"iHBI/rrmFffDT1vJahKs+bp8PDq5QF+XqdzEmacM57A="},"indexInfo":{"baseKey":"BYC5GrPTCdkl+y4feLgo1I9u2Z0eWoEkQJ2c2qTvGRoe","baseKeyType":1,"closed":-1,"used":1686139325853,"created":1686139325853,"remoteIdentityKey":"BdYnYCeYF4+7GDqPuexwQV9QeFaEj9Wc5ELu1ZTsUkcW"},"_chains":{"BaPh5SCaQSj/gPLKEd/fIDH+1zyVpT/1VWA0FfN7n2Fm":{"chainKey":{"counter":223,"key":"RLNlwBesUXKQwylt80aWjQwU6NyQmLpu1NVwysvd9uQ="},"chainType":1,"messageKeys":{}}},"pendingPreKey":{"signedKeyId":5,"baseKey":"BYC5GrPTCdkl+y4feLgo1I9u2Z0eWoEkQJ2c2qTvGRoe","preKeyId":9962991}}},"version":"v1"}