{"_sessions":{"BVbSeQwVWf3QwHHfZ+LG5SqxeopxCSBEcqzhLGsZauVu":{"registrationId":231,"currentRatchet":{"ephemeralKeyPair":{"pubKey":"BYs64KVNgF/rnytLfBeNWHlyBYrkqlSBAeQ2QoxGZWdo","privKey":"GGx+yzH1LrCZ2dVe4OJJBvqmJ+WDCU3pI0Yp0rilen0="},"lastRemoteEphemeralKey":"Bc3BH9TLs/FYWeR0m/T81l4seO8OnAdYk70euFa+CQwP","previousCounter":0,"rootKey":"tJEy+49JgvqIVuubOaST37ahymCPhCNEEW3+p2uFKR0="},"indexInfo":{"baseKey":"BVbSeQwVWf3QwHHfZ+LG5SqxeopxCSBEcqzhLGsZauVu","baseKeyType":1,"closed":-1,"used":1686138795448,"created":1686138795448,"remoteIdentityKey":"BdEdrmOrH+3+yprPVlP1XNhyde5Qh+N6E+leVbrcouUy"},"_chains":{"BYs64KVNgF/rnytLfBeNWHlyBYrkqlSBAeQ2QoxGZWdo":{"chainKey":{"counter":263,"key":"90eN2kz0nhhLGRPXAKQ9RFj407rnf6v8lhWq1+crBao="},"chainType":1,"messageKeys":{}}},"pendingPreKey":{"signedKeyId":1,"baseKey":"BVbSeQwVWf3QwHHfZ+LG5SqxeopxCSBEcqzhLGsZauVu"}}},"version":"v1"}