{"_sessions":{"Bc50UZlTBzZoLou3zS7558+oVzhJ4tLk6s6OoMDsXQh6":{"registrationId":1662576872,"currentRatchet":{"ephemeralKeyPair":{"pubKey":"BSPjR/KdJI4oJNoHk/CLVLb8TNCaffkczAtgNrqT60xm","privKey":"yBLkZPTYO84F2xnG2UoaKRszrR3ZC6DX3cPN4opNWXQ="},"lastRemoteEphemeralKey":"BZjTJz7GnZhyrL+gRe+N2CGLnYJibuYaZbe0S6CtQLN2","previousCounter":0,"rootKey":"Q5UBozi37BzbpljgtLeeoD9+vjS6PStx1PT4auMBhXE="},"indexInfo":{"baseKey":"Bc50UZlTBzZoLou3zS7558+oVzhJ4tLk6s6OoMDsXQh6","baseKeyType":1,"closed":-1,"used":1686138802733,"created":1686138802733,"remoteIdentityKey":"BTi0YCicR3L5ZHJ7xARkhecP64wUyKVgWz/W/EVkXXoL"},"_chains":{"BSPjR/KdJI4oJNoHk/CLVLb8TNCaffkczAtgNrqT60xm":{"chainKey":{"counter":263,"key":"OkN/GQCiJromfBOPdhATmVnye3HbTffHIivbZBwxnoQ="},"chainType":1,"messageKeys":{}}},"pendingPreKey":{"signedKeyId":2,"baseKey":"Bc50UZlTBzZoLou3zS7558+oVzhJ4tLk6s6OoMDsXQh6","preKeyId":5953319}}},"version":"v1"}