{"_sessions":{"BQ5imjaIw2zuspq+vzcXXU/c7VdhyzUgouO3qbPN7G0U":{"registrationId":1001666156,"currentRatchet":{"ephemeralKeyPair":{"pubKey":"Be2CdFUTDp37fcGjl5bSJtpzh6smkFEFWBxqX4qjLoBb","privKey":"uGRuLtJf49e6VP23HFcjHayzNZAwBnI0d7Son4eE4nk="},"lastRemoteEphemeralKey":"BYajKtyF33AUV++/zCCD3hgX2mNg0RXeLUEkkKflhetz","previousCounter":0,"rootKey":"A3fl4xXvtxCylq3nDMtZO69Y6YVQKwWt9mIRjHapT68="},"indexInfo":{"baseKey":"BQ5imjaIw2zuspq+vzcXXU/c7VdhyzUgouO3qbPN7G0U","baseKeyType":1,"closed":-1,"used":1686138798142,"created":1686138798142,"remoteIdentityKey":"BVBAur1cwI7BdeNmbu+R+KoGc+Ir0ucan77ITAnLIzwb"},"_chains":{"Be2CdFUTDp37fcGjl5bSJtpzh6smkFEFWBxqX4qjLoBb":{"chainKey":{"counter":263,"key":"lOkYl7NfAgQACjqA0toJsne/EAHpgmSMzz3SA/P2nmQ="},"chainType":1,"messageKeys":{}}},"pendingPreKey":{"signedKeyId":13,"baseKey":"BQ5imjaIw2zuspq+vzcXXU/c7VdhyzUgouO3qbPN7G0U","preKeyId":13242881}}},"version":"v1"}