{"_sessions":{"Ba36tx73FZr3dCOvT6H1+FxyULyg/fLlhcBwkPq9ygZF":{"registrationId":1001609951,"currentRatchet":{"ephemeralKeyPair":{"pubKey":"BbUYnZJUvvE6804dKgJpOjvDD2Xtb29N+2AlhpR1VVEL","privKey":"qO8in3OH0SvjjPQRtA9UhnFntoW+WFNwptzSILPFnUk="},"lastRemoteEphemeralKey":"BXYOQf/neYatS1fbxGhF78h3lhE0mGnBQlY4RQQYNyIA","previousCounter":0,"rootKey":"cFcERHjYoZ9b/NwOCj0+Fn6x2YgXIUorLOOCdFIkuQM="},"indexInfo":{"baseKey":"Ba36tx73FZr3dCOvT6H1+FxyULyg/fLlhcBwkPq9ygZF","baseKeyType":1,"closed":-1,"used":1686138799194,"created":1686138799194,"remoteIdentityKey":"Bcc1WalYsz6Tqr24OFcPjWrsShedbWlg0sr8ql9Vibo+"},"_chains":{"BbUYnZJUvvE6804dKgJpOjvDD2Xtb29N+2AlhpR1VVEL":{"chainKey":{"counter":263,"key":"03zABGPbyo3aidwVEyQFdWdAZD+4RSrUxCU2vb4hxnc="},"chainType":1,"messageKeys":{}}},"pendingPreKey":{"signedKeyId":1,"baseKey":"Ba36tx73FZr3dCOvT6H1+FxyULyg/fLlhcBwkPq9ygZF","preKeyId":9907933}}},"version":"v1"}