{"_sessions":{"BXyOMRntWZk8VentHKn8km4RFgNVgA8UazKd+03/uK98":{"registrationId":192,"currentRatchet":{"ephemeralKeyPair":{"pubKey":"BRY7txw5dt5sVmxOJdqjiLnyNWD6Qm8j1zI5OgvRJ+ld","privKey":"qDTiZl3jpIT8AaNTLuuOKVH6qfajyA18ox9qsE7aAWU="},"lastRemoteEphemeralKey":"BRRgh8u/HBzWSlDiRLxD87DJuooWu3Uq//ayMkzVQHYK","previousCounter":0,"rootKey":"cSFP1k5uAHszadqoqItEFBSlRHAFQDo25fj4E1ezspo="},"indexInfo":{"baseKey":"BXyOMRntWZk8VentHKn8km4RFgNVgA8UazKd+03/uK98","baseKeyType":1,"closed":-1,"used":1686138795483,"created":1686138795483,"remoteIdentityKey":"BYJNHTptAuHYdIKDyVA7k64FDU76SONweSC4BeEa2P4B"},"_chains":{"BRY7txw5dt5sVmxOJdqjiLnyNWD6Qm8j1zI5OgvRJ+ld":{"chainKey":{"counter":263,"key":"U09YPJ7sOhWFEKTFOu2R3HFDfR9IHkqVnL7aG2QeENk="},"chainType":1,"messageKeys":{}}},"pendingPreKey":{"signedKeyId":1,"baseKey":"BXyOMRntWZk8VentHKn8km4RFgNVgA8UazKd+03/uK98"}}},"version":"v1"}