{"_sessions":{"BdkePLiMs3LGv81exdU1fdaBaiZccPx0dsZBeNrouTkC":{"registrationId":201414251,"currentRatchet":{"ephemeralKeyPair":{"pubKey":"Bek4NA8jfxCdAHZAJal+IM2CI59vGZoXqOEk+q3ZSzsO","privKey":"YKNaqRBlOQLRXKCB3vnifjgrEnM01NXlb525YlRenkU="},"lastRemoteEphemeralKey":"BX7Cn9vic2Aezy7ZzQZSZoR1gnR7xdBD72rd1KOGrfYL","previousCounter":0,"rootKey":"M3zHAUXn0Maai/u/0BHZipGJuZXKHD/BUU/OniyOVmE="},"indexInfo":{"baseKey":"BdkePLiMs3LGv81exdU1fdaBaiZccPx0dsZBeNrouTkC","baseKeyType":1,"closed":-1,"used":1686138799851,"created":1686138799851,"remoteIdentityKey":"BQiQ7zogLY0MdvtAn72W99/VFjxKLm7gs7YL5MKPtvxL"},"_chains":{"Bek4NA8jfxCdAHZAJal+IM2CI59vGZoXqOEk+q3ZSzsO":{"chainKey":{"counter":263,"key":"P1vW2GLuXoqqJfTrGd8A6XKBA3vtGpj5LqlYtzBvQFA="},"chainType":1,"messageKeys":{}}},"pendingPreKey":{"signedKeyId":21,"baseKey":"BdkePLiMs3LGv81exdU1fdaBaiZccPx0dsZBeNrouTkC","preKeyId":13507442}}},"version":"v1"}