{"_sessions":{"BRX7W1TDe5vc90N3v0newWhcA+kIueazi5TyOPJPBvtn":{"registrationId":1239215580,"currentRatchet":{"ephemeralKeyPair":{"pubKey":"BfWKSNI3tTZ3eyM0vjdrt6PmIoxS0XpkSu0gcmmznVw0","privKey":"QNZ5l11n2jhVITIof9qgC2JpiLhk+/+0ej/2ubez0GE="},"lastRemoteEphemeralKey":"BRlbMIhga0PPU6ra8b+hqMW8r/gwCZ3CBXsS/knbFuQR","previousCounter":0,"rootKey":"tlpstDxoerVxl5ZvyRMjCRMDSWZfKUQYhRCcTrEprPU="},"indexInfo":{"baseKey":"BRX7W1TDe5vc90N3v0newWhcA+kIueazi5TyOPJPBvtn","baseKeyType":1,"closed":1686139948201,"used":1686138800879,"created":1686138800879,"remoteIdentityKey":"BZIB2SAEm0/7HaQg/T5zqYXBgRSyukGT58oCnkpOmR8U"},"_chains":{"BfWKSNI3tTZ3eyM0vjdrt6PmIoxS0XpkSu0gcmmznVw0":{"chainKey":{"counter":108,"key":"PRKHxaXn4kdhgrbdtoM+jfvLXG3IS0jHtY0NiyXh+Ps="},"chainType":1,"messageKeys":{}}},"pendingPreKey":{"signedKeyId":0,"baseKey":"BRX7W1TDe5vc90N3v0newWhcA+kIueazi5TyOPJPBvtn","preKeyId":14573353}},"BaHh40y4ImLhqQRnX3/bP0z48ES6JbODp2npOJyofXNv":{"registrationId":1239215580,"currentRatchet":{"ephemeralKeyPair":{"pubKey":"BWodqGivDphWejDDqXxT51uekqG3LSte6dcVhJe0fY9T","privKey":"uFAux4WHYslhHMZGz/tCP9+A0jPK/H5jOBDfzlae3Gc="},"lastRemoteEphemeralKey":"BRlbMIhga0PPU6ra8b+hqMW8r/gwCZ3CBXsS/knbFuQR","previousCounter":0,"rootKey":"CbJVgjWtExRO5BVIlWqUL10BChK1/iljtUWg6MFb2cc="},"indexInfo":{"baseKey":"BaHh40y4ImLhqQRnX3/bP0z48ES6JbODp2npOJyofXNv","baseKeyType":1,"closed":-1,"used":1686139948190,"created":1686139948190,"remoteIdentityKey":"BZIB2SAEm0/7HaQg/T5zqYXBgRSyukGT58oCnkpOmR8U"},"_chains":{"BWodqGivDphWejDDqXxT51uekqG3LSte6dcVhJe0fY9T":{"chainKey":{"counter":154,"key":"RDaSZave6k1GPUA5SWscBLFyB8NYkaQPjJJoGvuS+ls="},"chainType":1,"messageKeys":{}}},"pendingPreKey":{"signedKeyId":0,"baseKey":"BaHh40y4ImLhqQRnX3/bP0z48ES6JbODp2npOJyofXNv","preKeyId":14573844}}},"version":"v1"}