{"_sessions":{"BVGUJ9RLCufCAlEupvI19WIDCCDcpt3nSv70OOsy/9QM":{"registrationId":285507461,"currentRatchet":{"ephemeralKeyPair":{"pubKey":"Ba95KB8uUka/WEM2CO0Jxj+ohzFxVUxfkRltjDfQ8Vx/","privKey":"wC4kN6iHSLtTZ15tAcT2fBzYf811NqoMCLBIlhrhmmQ="},"lastRemoteEphemeralKey":"BQtQbACgb+jUNniW+AyAZ+ZmZfpNahOYKfsy8HOvhlwq","previousCounter":0,"rootKey":"rRpKX09Ar2eRvrfkhM7e+HGUrtFBug6+RViPXS/viqY="},"indexInfo":{"baseKey":"BVGUJ9RLCufCAlEupvI19WIDCCDcpt3nSv70OOsy/9QM","baseKeyType":1,"closed":-1,"used":1686138803790,"created":1686138803790,"remoteIdentityKey":"BcrbYK5+EZ/ZS5ebgg01kZcb0goyEW914ysAjYBox8sI"},"_chains":{"Ba95KB8uUka/WEM2CO0Jxj+ohzFxVUxfkRltjDfQ8Vx/":{"chainKey":{"counter":263,"key":"fnq0cq/MEi5qGAwH9ODPHHYCIjo/gMJEyHLtorsyUu8="},"chainType":1,"messageKeys":{}}},"pendingPreKey":{"signedKeyId":1,"baseKey":"BVGUJ9RLCufCAlEupvI19WIDCCDcpt3nSv70OOsy/9QM","preKeyId":12372741}}},"version":"v1"}