{"_sessions":{"BWP2NKNsk63gkFiUxz0HUjoobOWKq4sJJD1eBZjbMnBB":{"registrationId":1371081559,"currentRatchet":{"ephemeralKeyPair":{"pubKey":"BQaS8k1t8YiYm3ud38ORtWTD0xVbIfqdIj6eyUBqgYhS","privKey":"+F+aWDBz+OSLM/vS6ukW21eb7Tk1qlqKQrFo51PYW0o="},"lastRemoteEphemeralKey":"Baz29sRHZYrrmunvi74Lyyps9xd5QTT6CQY0StIkuHds","previousCounter":0,"rootKey":"0yT+HvVtY9dlS/Ds4/6MZcLDaYbrRL/Y2KhzXJPdBaY="},"indexInfo":{"baseKey":"BWP2NKNsk63gkFiUxz0HUjoobOWKq4sJJD1eBZjbMnBB","baseKeyType":1,"closed":1686139369561,"used":1686138798421,"created":1686138798421,"remoteIdentityKey":"BWZBHBKPdnT72txNxQcyqsV2OlIol9aK+eihJrDrKKEN"},"_chains":{"BQaS8k1t8YiYm3ud38ORtWTD0xVbIfqdIj6eyUBqgYhS":{"chainKey":{"counter":53,"key":"bABASDAc/jyaVdXFWRpM1xXBTBfXzZea5iiwgF7tNdU="},"chainType":1,"messageKeys":{}}},"pendingPreKey":{"signedKeyId":1,"baseKey":"BWP2NKNsk63gkFiUxz0HUjoobOWKq4sJJD1eBZjbMnBB","preKeyId":11921524}},"BU6u3acetla93+Wa68t9YiGaSBuzrQedmJmTA57MCyot":{"registrationId":1371081559,"currentRatchet":{"ephemeralKeyPair":{"pubKey":"BWEVhz/rzgiNB/GCYnRjfGKBwwlBvGV9nAoeNIQKp+RZ","privKey":"0B5vNmjIrJp92dqPT/O375twGdWrkWgi3V+xlPLNDXU="},"lastRemoteEphemeralKey":"Baz29sRHZYrrmunvi74Lyyps9xd5QTT6CQY0StIkuHds","previousCounter":0,"rootKey":"cUx1/Vh0GWX2JG6l43N/6Tl5QDZR3n2o1SI0vF8Gk7I="},"indexInfo":{"baseKey":"BU6u3acetla93+Wa68t9YiGaSBuzrQedmJmTA57MCyot","baseKeyType":1,"closed":-1,"used":1686139369547,"created":1686139369547,"remoteIdentityKey":"BWZBHBKPdnT72txNxQcyqsV2OlIol9aK+eihJrDrKKEN"},"_chains":{"BWEVhz/rzgiNB/GCYnRjfGKBwwlBvGV9nAoeNIQKp+RZ":{"chainKey":{"counter":209,"key":"6NcilaRekRQAU+NxLU2TMXudLaZ9be/uR24DH2Nzvfg="},"chainType":1,"messageKeys":{}}},"pendingPreKey":{"signedKeyId":1,"baseKey":"BU6u3acetla93+Wa68t9YiGaSBuzrQedmJmTA57MCyot","preKeyId":11921871}}},"version":"v1"}