{"_sessions":{"BR76WxxUKL1t9bTTWNG7/AcgteCHGXz2bWz3FUkbZkoq":{"registrationId":712488308,"currentRatchet":{"ephemeralKeyPair":{"pubKey":"BRFDbuGwTyJO2gfAk22Eo9hX9DMlcBFm1sLmvEXf4Ykj","privKey":"oKzbjDYRDnCc+wvub9/z2Iqv16Xioga3qZ4BZa2PMFI="},"lastRemoteEphemeralKey":"BRvvST5a8KzZYwqrEh8JsRDph2BvOr9+Xs/qrJgm0SJ2","previousCounter":0,"rootKey":"o2dNvN2dK7n53OJDtf6xxBA0Ratuwo5Ilv51A7FStu8="},"indexInfo":{"baseKey":"BR76WxxUKL1t9bTTWNG7/AcgteCHGXz2bWz3FUkbZkoq","baseKeyType":1,"closed":-1,"used":1686138798948,"created":1686138798948,"remoteIdentityKey":"BVC4Kbq0G0JYTgrfgCU057lVWESkXxakCDFnrTC56Vo1"},"_chains":{"BRFDbuGwTyJO2gfAk22Eo9hX9DMlcBFm1sLmvEXf4Ykj":{"chainKey":{"counter":263,"key":"ENmHi8Bxdr7Re1NapHKTaqElvF/vt8Nswj2tSF6dDu0="},"chainType":1,"messageKeys":{}}},"pendingPreKey":{"signedKeyId":0,"baseKey":"BR76WxxUKL1t9bTTWNG7/AcgteCHGXz2bWz3FUkbZkoq","preKeyId":6285378}}},"version":"v1"}