{"_sessions":{"BZCPjqNAtBcidLzne76TLJfqeFm2UvmUC70yzjtfzm5T":{"registrationId":81830508,"currentRatchet":{"ephemeralKeyPair":{"pubKey":"BTmeWy9qRcBaypjPHlJC7HgsufbPSJquJUP7IbHWA/RN","privKey":"yPwkFNbVOMMnJh0nyEIEUInixh78qkv4XF0KR5hdGX4="},"lastRemoteEphemeralKey":"BTbj5I2Zk0EJc/fJHShdgZu19EAIvPJoQSqNQ0gEiVUY","previousCounter":81,"rootKey":"2YMDwSvskaQuM6JX3uIa+8063gvY2qMzMWC68NUD0oM="},"indexInfo":{"baseKey":"BZCPjqNAtBcidLzne76TLJfqeFm2UvmUC70yzjtfzm5T","baseKeyType":1,"closed":-1,"used":1686139672186,"created":1686139042687,"remoteIdentityKey":"BamhIyOjmXyMlaqfKHLlJPDfwRTVnHnFt4U79D1k0Ws+"},"_chains":{"BTbj5I2Zk0EJc/fJHShdgZu19EAIvPJoQSqNQ0gEiVUY":{"chainKey":{"counter":0,"key":"dVV2DyE8TbFfF0zuDso9gibTrrbiJXSsFCqZeLnNpqM="},"chainType":2,"messageKeys":{}},"BTmeWy9qRcBaypjPHlJC7HgsufbPSJquJUP7IbHWA/RN":{"chainKey":{"counter":181,"key":"WC4hniv0JG+swxJRzakL4t8qTOSMQiytYcC0ZXSuISQ="},"chainType":1,"messageKeys":{}}}}},"version":"v1"}