{"_sessions":{"BXR5gO1pbkJ9zsQUjwe5OUy/xDbLy00fzqk41yFR49RO":{"registrationId":34,"currentRatchet":{"ephemeralKeyPair":{"pubKey":"BdvaTzO3Xilv8OlGKqO0CHHrKczi1YiruytJv4WsUt8K","privKey":"IJRzrz0kO4evxpL051L9+OHRE1dFuq9CQXVc/HNogHY="},"lastRemoteEphemeralKey":"BZkEGrzJc4Vmt7RLrKLHyAPKv/luANiyQyt3wDuZcpYo","previousCounter":0,"rootKey":"9A0qv+EhHjgqp40y1WATKfbiPd8iY5JX3PU+JjzdFWw="},"indexInfo":{"baseKey":"BXR5gO1pbkJ9zsQUjwe5OUy/xDbLy00fzqk41yFR49RO","baseKeyType":1,"closed":-1,"used":1686138795466,"created":1686138795466,"remoteIdentityKey":"BSj16r04kHTE8Siew6FECi8RqfHYNVZHFlIPm5vy/GQK"},"_chains":{"BdvaTzO3Xilv8OlGKqO0CHHrKczi1YiruytJv4WsUt8K":{"chainKey":{"counter":263,"key":"IirU+aURs5usIpks4tjll27ReOw/8tM9+qaIIgR9V0Y="},"chainType":1,"messageKeys":{}}},"pendingPreKey":{"signedKeyId":1,"baseKey":"BXR5gO1pbkJ9zsQUjwe5OUy/xDbLy00fzqk41yFR49RO"}}},"version":"v1"}