{"_sessions":{"BanDoIs7umnetrJ7IcIi5Mk4vpyzYXK9Tcj0LgMluapd":{"registrationId":1384641585,"currentRatchet":{"ephemeralKeyPair":{"pubKey":"BfJm4tqIlfPnaLztNwKjxU4cE8/TBGCYhvp6VdRMbnoX","privKey":"YDkRGC+WycYxm+NlzvMedsSXFD0nZ6ZJlIe8bx11SFs="},"lastRemoteEphemeralKey":"BUtN3VqqGUzhM/89Rc65h+ahnL9RsYLpuCtPnZZ1z/Uc","previousCounter":0,"rootKey":"ENMB9Gu9yimr6YW5hIxz+YGQ5DfuRBVW3ORbQFVjyys="},"indexInfo":{"baseKey":"BanDoIs7umnetrJ7IcIi5Mk4vpyzYXK9Tcj0LgMluapd","baseKeyType":1,"closed":-1,"used":1686138801496,"created":1686138801496,"remoteIdentityKey":"BXiOPnO5n7gATcx2Ecj9GlwOo7+rLeayvhuHEo6Bmt9s"},"_chains":{"BfJm4tqIlfPnaLztNwKjxU4cE8/TBGCYhvp6VdRMbnoX":{"chainKey":{"counter":263,"key":"xE5GmNSZG2Qtj3noMS0scnW7PeRVjfcQGOa1HJviRU4="},"chainType":1,"messageKeys":{}}},"pendingPreKey":{"signedKeyId":1,"baseKey":"BanDoIs7umnetrJ7IcIi5Mk4vpyzYXK9Tcj0LgMluapd","preKeyId":10507404}}},"version":"v1"}