{"_sessions":{"BSn6rGuzX57tPt15FCYYeoepVcxO2RUYQxOnwnDWV2hA":{"registrationId":238,"currentRatchet":{"ephemeralKeyPair":{"pubKey":"BbxYXbhSxZ0orR9gScNXyI/vnGAIFvkOw3SKNdnXa9N4","privKey":"qOkqGaPyR0zR5ANpX510mcMXZfe39m2v3jjkX5CpLXQ="},"lastRemoteEphemeralKey":"BSwdDVjfzTL0TXtUpqwbFjgFl5S2+h7hpQfLoKLzy7YH","previousCounter":0,"rootKey":"Ynh7MQqxo7iorDbGicKotsZMhI0rNn5SKUTSfT3IZ/E="},"indexInfo":{"baseKey":"BSn6rGuzX57tPt15FCYYeoepVcxO2RUYQxOnwnDWV2hA","baseKeyType":1,"closed":-1,"used":1686138795408,"created":1686138795408,"remoteIdentityKey":"Bbecon0CYn1bqq9aCaObSUmtZ5TtFBcyO4a8+Es4dLR2"},"_chains":{"BbxYXbhSxZ0orR9gScNXyI/vnGAIFvkOw3SKNdnXa9N4":{"chainKey":{"counter":263,"key":"PJMp2wvlGaDB9tu5EdxXF58uepdOXqOMeSoFmcf3pPE="},"chainType":1,"messageKeys":{}}},"pendingPreKey":{"signedKeyId":1,"baseKey":"BSn6rGuzX57tPt15FCYYeoepVcxO2RUYQxOnwnDWV2hA"}}},"version":"v1"}