{"_sessions":{"BX19fJgTx1np5Q3NcFngCLPZV5vhbEs1kKhe8oyCXxss":{"registrationId":1456535290,"currentRatchet":{"ephemeralKeyPair":{"pubKey":"BSbPNmCs+VhWMFv079Qq99/6N42B4Qg1TFbrnDlYwhN4","privKey":"oD2rqiptTgblMxGgszF0sD0CVcduHKoc4H3WyxcVrWg="},"lastRemoteEphemeralKey":"Bd6cT7BSEIm4JkwDwtZeM2fRT7pDX8LiUc2mR//JEk5B","previousCounter":0,"rootKey":"hehAIsBAw2jJ9A9iIQMY3aND+mQxS76aiCrJMGrsnwg="},"indexInfo":{"baseKey":"BX19fJgTx1np5Q3NcFngCLPZV5vhbEs1kKhe8oyCXxss","baseKeyType":1,"closed":-1,"used":1686138803528,"created":1686138803528,"remoteIdentityKey":"BYflqWpN2UxaxoMW4T8qUhG+5tyz6KVndIWknf0FD6pZ"},"_chains":{"BSbPNmCs+VhWMFv079Qq99/6N42B4Qg1TFbrnDlYwhN4":{"chainKey":{"counter":263,"key":"YU5crPewpTxPl1TF/jsg2fvEicFdTPlK/kCZ+/BEVoU="},"chainType":1,"messageKeys":{}}},"pendingPreKey":{"signedKeyId":0,"baseKey":"BX19fJgTx1np5Q3NcFngCLPZV5vhbEs1kKhe8oyCXxss","preKeyId":9262330}}},"version":"v1"}