{"_sessions":{"Bd0WI+i4JZIcr+YAp9Pq13l5vXuOWTYU6gNecWEUe7Nj":{"registrationId":1363472896,"currentRatchet":{"ephemeralKeyPair":{"pubKey":"BU30LH7C8E5eVy++rRSlAeDGmLS923NM2Tomy0RRbaIc","privKey":"GDEYqD8nPskmiEqLll6wwwyTOlQY90ik4dKJbbx2o28="},"lastRemoteEphemeralKey":"BbnZUrW07H1pzPH1t2r6FoLHs1Vm5FdsnFeX0QUWmsR+","previousCounter":0,"rootKey":"iqvsP7fv8WBHW5+QzitWVyRmfzOgE6rh9OfvqZOq4M0="},"indexInfo":{"baseKey":"Bd0WI+i4JZIcr+YAp9Pq13l5vXuOWTYU6gNecWEUe7Nj","baseKeyType":1,"closed":-1,"used":1686138801904,"created":1686138801904,"remoteIdentityKey":"BcSI1AOAFgMbTSr9grbWFwMjBbrVwVkn9d/3lKIdrClK"},"_chains":{"BU30LH7C8E5eVy++rRSlAeDGmLS923NM2Tomy0RRbaIc":{"chainKey":{"counter":263,"key":"0g1Zw68IhvhLtXYsWpvaQe+15IDXshTcN4kK9zhwWXA="},"chainType":1,"messageKeys":{}}},"pendingPreKey":{"signedKeyId":0,"baseKey":"Bd0WI+i4JZIcr+YAp9Pq13l5vXuOWTYU6gNecWEUe7Nj"}}},"version":"v1"}