{"_sessions":{"BRIMik0o9mwVs2q49BSBjkEX3GS6KYuXtTGgop705Go8":{"registrationId":7492,"currentRatchet":{"ephemeralKeyPair":{"pubKey":"BUJ/SQrc0URStlubWy0HwPS/zFFegplFy0r5FI3bkkYS","privKey":"oCKb7aXwCOI+nE6Pt4DPdqfw+i6W6BvxgUFG0K/c6l0="},"lastRemoteEphemeralKey":"BVOiBsoHLu9oZgPZReqD3VCtHKMRl20aChD2YpoK/hpx","previousCounter":0,"rootKey":"qfof+JjlEX50EibamPQoojc8+UBEuZ6W+wrLI0THou4="},"indexInfo":{"baseKey":"BRIMik0o9mwVs2q49BSBjkEX3GS6KYuXtTGgop705Go8","baseKeyType":1,"closed":-1,"used":1686138795847,"created":1686138795847,"remoteIdentityKey":"BfbpRmjgpNfodaRo8Cxn1oCXhpLOEDE+FWecnMdHS/dK"},"_chains":{"BUJ/SQrc0URStlubWy0HwPS/zFFegplFy0r5FI3bkkYS":{"chainKey":{"counter":263,"key":"Q0NRc/VH98FjWk9ewY47A065j9zBy+oz+mfwd0shEUY="},"chainType":1,"messageKeys":{}}},"pendingPreKey":{"signedKeyId":1,"baseKey":"BRIMik0o9mwVs2q49BSBjkEX3GS6KYuXtTGgop705Go8"}}},"version":"v1"}