{"_sessions":{"BfpUz2odWVW4Q515/OfrFEv3tv6w9riCYU3V22CdNoM5":{"registrationId":510104692,"currentRatchet":{"ephemeralKeyPair":{"pubKey":"BQHlkGKi1gsJXbBu4bTyH0laiD7CNA2U5roXdzttIRRq","privKey":"yNVPKNigvju4lqSQKIpNkCvvCbpEW6yF9Vso7Npl9HU="},"lastRemoteEphemeralKey":"BeAM0xVW9bdAj/6q6yyoWbSRVJ2gw5NgHBNnQPdMr70Q","previousCounter":0,"rootKey":"A/uPKNvqR/EjnOxWB4F5cfgBa6lPkTuTm98Jl29BENA="},"indexInfo":{"baseKey":"BfpUz2odWVW4Q515/OfrFEv3tv6w9riCYU3V22CdNoM5","baseKeyType":1,"closed":-1,"used":1686138802072,"created":1686138802072,"remoteIdentityKey":"Bb17vaj7w7VC0X+1uCyYy5g5UEnShmr+cfpYKB1exJ98"},"_chains":{"BQHlkGKi1gsJXbBu4bTyH0laiD7CNA2U5roXdzttIRRq":{"chainKey":{"counter":263,"key":"aYlP0zdD6dUZBGts24qslLrfUbDMXdMwCICvwtttcYk="},"chainType":1,"messageKeys":{}}},"pendingPreKey":{"signedKeyId":1,"baseKey":"BfpUz2odWVW4Q515/OfrFEv3tv6w9riCYU3V22CdNoM5","preKeyId":5744881}}},"version":"v1"}