{"_sessions":{"BSJ8qHksptv1HaGgleK37rg23vQR5+coAIwi/CbxXKx9":{"registrationId":30,"currentRatchet":{"ephemeralKeyPair":{"pubKey":"BfihwSxyMmq17cbf+rGuqcFO3I6nmzZH04R8/njAvR5x","privKey":"uJ4tG6Hkxu4gUGLRAqufG+S8GVa3GHGd0Qe2fIQOn3E="},"lastRemoteEphemeralKey":"BfDQ2Ex43SwHmEsJSi3AMd69YFkjmFKxwoteB7vjMRAv","previousCounter":0,"rootKey":"MJr9iWdrfdN+dVpBPAUCnjaRgQAzYE7oz8gPc13WRbM="},"indexInfo":{"baseKey":"BSJ8qHksptv1HaGgleK37rg23vQR5+coAIwi/CbxXKx9","baseKeyType":1,"closed":-1,"used":1686138795423,"created":1686138795423,"remoteIdentityKey":"Ba3kK8qi6r32iYdDnWgjf2cXa0+4UmoMxESvMRbTD/kY"},"_chains":{"BfihwSxyMmq17cbf+rGuqcFO3I6nmzZH04R8/njAvR5x":{"chainKey":{"counter":263,"key":"Nhrtf/mVswUEZJwPNeaENd3jzmll0C7i7jcHMjD9O/k="},"chainType":1,"messageKeys":{}}},"pendingPreKey":{"signedKeyId":1,"baseKey":"BSJ8qHksptv1HaGgleK37rg23vQR5+coAIwi/CbxXKx9"}}},"version":"v1"}