{"_sessions":{"BaUuefnb4r7L1zTGE6zw121A4aJ78oYb3pjMInoY8/sv":{"registrationId":1575660002,"currentRatchet":{"ephemeralKeyPair":{"pubKey":"BQ0Epo8mgcRa5PqMJlcRrXTtroCB2TWvl1IiKNWrYzg7","privKey":"WPgbGpDQRFi5L5cuJFwRHC1GFTnoUWjpuGcwmkX0iHQ="},"lastRemoteEphemeralKey":"BQ75JEEqwYl3TyatTaklBcyP7PyIDa3Ib3lEVMfLY6Yo","previousCounter":0,"rootKey":"Gw5btRywMdBMN/7SNF27U79m0FS8hx7NqrMfUOOGFQ8="},"indexInfo":{"baseKey":"BaUuefnb4r7L1zTGE6zw121A4aJ78oYb3pjMInoY8/sv","baseKeyType":1,"closed":1686139050681,"used":1686138803314,"created":1686138803314,"remoteIdentityKey":"BQNOqhyspEFoiMV3cZjnAHy3z4doOxpGP6idarW7w3N5"},"_chains":{"BQ0Epo8mgcRa5PqMJlcRrXTtroCB2TWvl1IiKNWrYzg7":{"chainKey":{"counter":0,"key":"ls6HIh7QmHCV1nnijwhIxI7u8fN6nZFcqJhZ/rTZi0E="},"chainType":1,"messageKeys":{}}},"pendingPreKey":{"signedKeyId":2,"baseKey":"BaUuefnb4r7L1zTGE6zw121A4aJ78oYb3pjMInoY8/sv","preKeyId":5556292}},"BZYW/96MmCz6hBVj3gfi+57qMgCpWMh3yl01XCQecnc0":{"registrationId":1575660002,"currentRatchet":{"ephemeralKeyPair":{"pubKey":"BUS4UTUaAuFDkI1mj752htq0sKnrl/58hZ2nMRiSS9Q9","privKey":"uC14SbVX+txn2DyMd9yPzLmQ7vsDbSYkf/NuAodFDFQ="},"lastRemoteEphemeralKey":"BQ75JEEqwYl3TyatTaklBcyP7PyIDa3Ib3lEVMfLY6Yo","previousCounter":0,"rootKey":"fgzd3MTaxR1TpWg0M1OV7vHiS5Oq7iNa5Of8kqRoBYs="},"indexInfo":{"baseKey":"BZYW/96MmCz6hBVj3gfi+57qMgCpWMh3yl01XCQecnc0","baseKeyType":1,"closed":-1,"used":1686139050572,"created":1686139050572,"remoteIdentityKey":"BQNOqhyspEFoiMV3cZjnAHy3z4doOxpGP6idarW7w3N5"},"_chains":{"BUS4UTUaAuFDkI1mj752htq0sKnrl/58hZ2nMRiSS9Q9":{"chainKey":{"counter":262,"key":"FXFu7VtEXaMNY6h3z14S+GxadE9OZ94+Ud1fc5UOskI="},"chainType":1,"messageKeys":{}}},"pendingPreKey":{"signedKeyId":2,"baseKey":"BZYW/96MmCz6hBVj3gfi+57qMgCpWMh3yl01XCQecnc0","preKeyId":5556371}}},"version":"v1"}