{"_sessions":{"BR3w1UoUDcc76Yjf6VsKahz9qkDwq4fumLBV6lpIpuF/":{"registrationId":133,"currentRatchet":{"ephemeralKeyPair":{"pubKey":"BdEDadvCaah8ls+8oet/qXsTLveLzWmWfuSNaz2r7tsm","privKey":"CJ9iaXHWBFBgFUt4ozbWtqXBZStNe6ZxuRAU5hteyXk="},"lastRemoteEphemeralKey":"BQb9OkEGZy8BC5sgbORFcCCR8Rb+etZX4+AQSUl8bWww","previousCounter":0,"rootKey":"WOfxRh4b+eS4Tc6RA76lt0JG3OKFr/EADKhAPb5ECGI="},"indexInfo":{"baseKey":"BR3w1UoUDcc76Yjf6VsKahz9qkDwq4fumLBV6lpIpuF/","baseKeyType":1,"closed":-1,"used":1686138795709,"created":1686138795709,"remoteIdentityKey":"BaDKoKF+N2Xqd0LqKEUzKLgK5uVIkDFjUIG/tsSdJGgC"},"_chains":{"BdEDadvCaah8ls+8oet/qXsTLveLzWmWfuSNaz2r7tsm":{"chainKey":{"counter":264,"key":"wocXz/k2dJoMpLuM+PPBYeo54izg9H0T3YdEPzSYvaY="},"chainType":1,"messageKeys":{}}},"pendingPreKey":{"signedKeyId":1,"baseKey":"BR3w1UoUDcc76Yjf6VsKahz9qkDwq4fumLBV6lpIpuF/"}}},"version":"v1"}