{"_sessions":{"BVKjvf/XPX3W62iJs9B60xAtxohoYJ75r+lPesf7mG5R":{"registrationId":1906107045,"currentRatchet":{"ephemeralKeyPair":{"pubKey":"Ba5HIp0760lJlr3PcCP+N3qlQQFIrVm11+uzYvohUdNW","privKey":"AGr3SeKu4xLi0whUae2Tkn860IU2VnOQf3FmVYCy6W0="},"lastRemoteEphemeralKey":"BZO5Xn+hHRaI0DHEqKpeYkEdiIeF41ij5UR5COMm3Edm","previousCounter":0,"rootKey":"cvVQE3hAi1l5ixWmC7V2EvXRTBJpO/FJbqrbcCKLTlo="},"indexInfo":{"baseKey":"BVKjvf/XPX3W62iJs9B60xAtxohoYJ75r+lPesf7mG5R","baseKeyType":1,"closed":1686139260780,"used":1686138802545,"created":1686138802545,"remoteIdentityKey":"Ba+JO/kerYzOcxDxvTM46ZEFozpdvv+CXo9bXp9uPqEq"},"_chains":{"Ba5HIp0760lJlr3PcCP+N3qlQQFIrVm11+uzYvohUdNW":{"chainKey":{"counter":25,"key":"aJ1ma3YeKRiCs931Esl7Wpf1fSHid5xlASqctS+2rAo="},"chainType":1,"messageKeys":{}}},"pendingPreKey":{"signedKeyId":14705077,"baseKey":"BVKjvf/XPX3W62iJs9B60xAtxohoYJ75r+lPesf7mG5R","preKeyId":2600}},"BZ/trNDMLO1wdIrOAfhw0+q4fggpnFGHZIUKwF94eEJ3":{"registrationId":1906107045,"currentRatchet":{"ephemeralKeyPair":{"pubKey":"BffhVhfCesk9vzJQoaOl4hCNvChLdoP+Nakm4YkuR5ka","privKey":"aEJOJvmYR84Qj2JXW7TWb73m8Gd5RpqJgxc7Om4djmM="},"lastRemoteEphemeralKey":"BZO5Xn+hHRaI0DHEqKpeYkEdiIeF41ij5UR5COMm3Edm","previousCounter":0,"rootKey":"lR4tdqTF5vsXPn8EqRwejWVeEu0W9Go3pOlNd0t7qsY="},"indexInfo":{"baseKey":"BZ/trNDMLO1wdIrOAfhw0+q4fggpnFGHZIUKwF94eEJ3","baseKeyType":1,"closed":-1,"used":1686139260746,"created":1686139260746,"remoteIdentityKey":"Ba+JO/kerYzOcxDxvTM46ZEFozpdvv+CXo9bXp9uPqEq"},"_chains":{"BffhVhfCesk9vzJQoaOl4hCNvChLdoP+Nakm4YkuR5ka":{"chainKey":{"counter":237,"key":"XZ7yCtV2mbjjrocbsD/KPvVhpRp+y7t+hTCFy+aaqeE="},"chainType":1,"messageKeys":{}}},"pendingPreKey":{"signedKeyId":14705077,"baseKey":"BZ/trNDMLO1wdIrOAfhw0+q4fggpnFGHZIUKwF94eEJ3","preKeyId":2621}}},"version":"v1"}