{"_sessions":{"BTYlJLqXg+yjiAyNDo5RDYEPZaoCKdsOZHdGTlgnplU5":{"registrationId":1500550167,"currentRatchet":{"ephemeralKeyPair":{"pubKey":"BctotIs+o7LN+chk+mOG1oqOhe6aAxrp+xsHmfCWGapj","privKey":"ODLtWDJfA2FDGvBSVnXH1NRFDa76cjhkysmDLfSAels="},"lastRemoteEphemeralKey":"Bd/MZwKTFS+Pw2ZrjGqyH9mEtSDAqcEChyVYrosI1M0Q","previousCounter":0,"rootKey":"9Xjjimpwf+FEFUBaBCv1ARxcJgzXQDRNo0I1fjY1jMM="},"indexInfo":{"baseKey":"BTYlJLqXg+yjiAyNDo5RDYEPZaoCKdsOZHdGTlgnplU5","baseKeyType":1,"closed":-1,"used":1686138799615,"created":1686138799615,"remoteIdentityKey":"BTvGyivNjJKrmXm7bLGYDj5SW5NW/HPALZUW1ZQhmalR"},"_chains":{"BctotIs+o7LN+chk+mOG1oqOhe6aAxrp+xsHmfCWGapj":{"chainKey":{"counter":263,"key":"1uJ90+zewGaaDzlmkpOgT0VF5otesCj8Wz5MxOf5Zfo="},"chainType":1,"messageKeys":{}}},"pendingPreKey":{"signedKeyId":0,"baseKey":"BTYlJLqXg+yjiAyNDo5RDYEPZaoCKdsOZHdGTlgnplU5"}}},"version":"v1"}