{"_sessions":{"Ba+Tg2RJS5UhRiUzEmZVXYJgPxGkMcMDqML2vabxzcpV":{"registrationId":1440974153,"currentRatchet":{"ephemeralKeyPair":{"pubKey":"BdzZqXEBJof+g3eM9w1JU+InjXl4OY+VyD39GiWZ3hYY","privKey":"4Pti5qbTR8NSTP0vMUWc+Il9aNeyowC4gbWxpU/fmkY="},"lastRemoteEphemeralKey":"BS7LrZTB8OHAmiTJX6dpWdp/UiJt77HoVd45qjj0NlMe","previousCounter":0,"rootKey":"i3Xmx7e70UtSmRa1JTdJCXPMdZFwlqf44BOEb22gxis="},"indexInfo":{"baseKey":"Ba+Tg2RJS5UhRiUzEmZVXYJgPxGkMcMDqML2vabxzcpV","baseKeyType":1,"closed":-1,"used":1686138801378,"created":1686138801378,"remoteIdentityKey":"BWyW2Ql/GRMdmMvNuaq7rDzE5CdkD+uHta9avviOXxYR"},"_chains":{"BdzZqXEBJof+g3eM9w1JU+InjXl4OY+VyD39GiWZ3hYY":{"chainKey":{"counter":263,"key":"2xUwQ99Fyml1mSR9qlanZ1Cesx3BSAogW8JEKtO+T5s="},"chainType":1,"messageKeys":{}}},"pendingPreKey":{"signedKeyId":0,"baseKey":"Ba+Tg2RJS5UhRiUzEmZVXYJgPxGkMcMDqML2vabxzcpV","preKeyId":3823646}}},"version":"v1"}