{"_sessions":{"Bcd05Bhj6TRNvV+LZmSLyTy6FfC8aciUcEB5X8tj4/Yq":{"registrationId":156704112,"currentRatchet":{"ephemeralKeyPair":{"pubKey":"BQt4Y24x4sl9/byN8J7d5f31AV7eygO3R5dhfYBleEBl","privKey":"+BvJvtrJPpWDx3+0Tk3TtMvlC/Bp8sWf8XCparnYqEI="},"lastRemoteEphemeralKey":"BaYU56Cn82qYkKR0LZZT2omYIQrz3V9nt2Wxvvav2Ech","previousCounter":0,"rootKey":"cGhgYbKEBI0TOC72EFSROjRKJ0tCmiIINxF33SfhAVU="},"indexInfo":{"baseKey":"Bcd05Bhj6TRNvV+LZmSLyTy6FfC8aciUcEB5X8tj4/Yq","baseKeyType":1,"closed":1686139315669,"used":1686138801928,"created":1686138801928,"remoteIdentityKey":"BRjmUuZ/MkEFF7YvvQlPQjqD0tpZVMg+KYFYfG0gA5dT"},"_chains":{"BQt4Y24x4sl9/byN8J7d5f31AV7eygO3R5dhfYBleEBl":{"chainKey":{"counter":36,"key":"egvyx3b1O3zBqDJNtZKnVYTxPH6Hva75fbbdCJmbtnQ="},"chainType":1,"messageKeys":{}}},"pendingPreKey":{"signedKeyId":3,"baseKey":"Bcd05Bhj6TRNvV+LZmSLyTy6FfC8aciUcEB5X8tj4/Yq","preKeyId":2960830}},"BU2pzAR6srNfemK3b60bLKHTDviKuLGl/vE7HSWmKto7":{"registrationId":156704112,"currentRatchet":{"ephemeralKeyPair":{"pubKey":"Bf5dhTpaSKBUI33qblXqDBjv7PI3ChSoo5/0AJbdvBhf","privKey":"OOqM0rSaQyOWBvqtvZcXIO5qHepQVnA+6hH9UKhfHnY="},"lastRemoteEphemeralKey":"Bcz0+op1PYrcrrhpmreXxXZY87GzBVQ0qTfy6G3wSB0U","previousCounter":226,"rootKey":"afhZjO0A4tnV4mrrZP80mkFPtJuweisegU+hEHvA4nQ="},"indexInfo":{"baseKey":"BU2pzAR6srNfemK3b60bLKHTDviKuLGl/vE7HSWmKto7","baseKeyType":1,"closed":-1,"used":1686150075851,"created":1686139315667,"remoteIdentityKey":"BRjmUuZ/MkEFF7YvvQlPQjqD0tpZVMg+KYFYfG0gA5dT"},"_chains":{"Bcz0+op1PYrcrrhpmreXxXZY87GzBVQ0qTfy6G3wSB0U":{"chainKey":{"counter":1,"key":"6FlW+PBgbW46zW8y7IDIiCIpHHic2oqgKieZoOKOPR0="},"chainType":2,"messageKeys":{}},"Bf5dhTpaSKBUI33qblXqDBjv7PI3ChSoo5/0AJbdvBhf":{"chainKey":{"counter":1,"key":"rrHAmXMzdGQXppLYOzxczoASylG/7q294p/fzcmuSJQ="},"chainType":1,"messageKeys":{}}}}},"version":"v1"}