{"_sessions":{"BSPADTkJqkLkRXNyESpqQ3AbUOZsR2ho5yOjbBRitGca":{"registrationId":314152788,"currentRatchet":{"ephemeralKeyPair":{"pubKey":"Bes8rxsixPaec2+e+p69pTqJ1Vv25rvNignU98dq4XI7","privKey":"SJtMWlXnAqtLyRaCRcLHo4AUq7N5OH1A8v3/EQpKBXE="},"lastRemoteEphemeralKey":"BRiAEfio6yEsEzrZWRT0VXDjaDiDy+W09/52Jc8SvIRH","previousCounter":0,"rootKey":"6T4jupaPNBoUiFcEsCrOgk/gYXWT4nHnwy1sXSaLKJA="},"indexInfo":{"baseKey":"BSPADTkJqkLkRXNyESpqQ3AbUOZsR2ho5yOjbBRitGca","baseKeyType":1,"closed":-1,"used":1686138797940,"created":1686138797940,"remoteIdentityKey":"BQNRWTSnPy2tf0joMxKIOfXKJ1nha4P665WlILTCHAc/"},"_chains":{"Bes8rxsixPaec2+e+p69pTqJ1Vv25rvNignU98dq4XI7":{"chainKey":{"counter":263,"key":"v1bb12jhokd6PTtc52YMz2S4t3AI705E2JspASy6svU="},"chainType":1,"messageKeys":{}}},"pendingPreKey":{"signedKeyId":0,"baseKey":"BSPADTkJqkLkRXNyESpqQ3AbUOZsR2ho5yOjbBRitGca"}}},"version":"v1"}