{"_sessions":{"BSVRgZPH7RjbVd03GUCHY7QCTvxc9UPm8bpsGXioqp08":{"registrationId":938053942,"currentRatchet":{"ephemeralKeyPair":{"pubKey":"BY3z9lVYIbzXWNGV7AZ4lEovHDrW4lxYanNLJvShxdxx","privKey":"qJAbT+U4/fotr1ESuU139l3Hvb1mzj9QaYRAiyfLrV4="},"lastRemoteEphemeralKey":"BdVuAo/PqfATBAYzRjqmrHmZkPGbL27NHbjy2aEkR69g","previousCounter":0,"rootKey":"L6xpt+VWdGBD765WrkTW8MfJByFVYyndLPTNF066UQg="},"indexInfo":{"baseKey":"BSVRgZPH7RjbVd03GUCHY7QCTvxc9UPm8bpsGXioqp08","baseKeyType":1,"closed":-1,"used":1686138803814,"created":1686138803814,"remoteIdentityKey":"BURMsgkbOqtS4gy3FU9Xpl38Nbl5/KxAIAHp5R5Ug9pt"},"_chains":{"BY3z9lVYIbzXWNGV7AZ4lEovHDrW4lxYanNLJvShxdxx":{"chainKey":{"counter":263,"key":"Vscucu3H7bzdn5ai1VzKdlxPTZGNN3qIbZrkE4kaASs="},"chainType":1,"messageKeys":{}}},"pendingPreKey":{"signedKeyId":0,"baseKey":"BSVRgZPH7RjbVd03GUCHY7QCTvxc9UPm8bpsGXioqp08","preKeyId":3804922}}},"version":"v1"}