{"_sessions":{"BVhWZtcFLm7XvlYYzECzyjOiL+ar8mMSO73YZohqRYhd":{"registrationId":760114562,"currentRatchet":{"ephemeralKeyPair":{"pubKey":"BXhwH2igMpRwrKU1mi/tK3imiEQV1r7KpPg8yvgRya16","privKey":"YDR+JRvJRNUlaZ5Ck0Dx6Nz6bTzABMKSil8kEdV47mk="},"lastRemoteEphemeralKey":"Bd5mWSIXVkAU3cDBBeG3709PtHL8DsZlpO0iwMKJPxc6","previousCounter":143,"rootKey":"nqHlEf9sT2tEYIU/e903jsCOiuG/9YTIuOkXe6VQH/Q="},"indexInfo":{"baseKey":"BVhWZtcFLm7XvlYYzECzyjOiL+ar8mMSO73YZohqRYhd","baseKeyType":1,"closed":-1,"used":1686140616850,"created":1686138803202,"remoteIdentityKey":"BWyAwVGSkacpo5bd2WWVRh10QASuAT9ji24tyu3KaLd8"},"_chains":{"Bd5mWSIXVkAU3cDBBeG3709PtHL8DsZlpO0iwMKJPxc6":{"chainKey":{"counter":0,"key":"EUfZwddu3g25jLJhUvMhK2razuiWBTKlvsxtZiq2ogg="},"chainType":2,"messageKeys":{}},"BXhwH2igMpRwrKU1mi/tK3imiEQV1r7KpPg8yvgRya16":{"chainKey":{"counter":119,"key":"6oZ25XPydKhuRo7wfz/jVWaCkdnn5RF8rlewXRluW1g="},"chainType":1,"messageKeys":{}}}}},"version":"v1"}