{"_sessions":{"BXIOgVTyC/QnrrlFrz2SC1y6NNWRGkjOBbav4LYZ6low":{"registrationId":2088650502,"currentRatchet":{"ephemeralKeyPair":{"pubKey":"BcegUyhWR6ui84OHAHODMu5jrDGRzYvTFOUMjoVkqp8n","privKey":"gFT0J2irbpv7KBYLGlMS6h5WerNizY+3kP/HfC7OIHo="},"lastRemoteEphemeralKey":"BaqCouodbqMTSA0RAk78FGDVRoIWA7KXB+3la36KeJsv","previousCounter":0,"rootKey":"nIR/fJ4i69i0P248AdA+pSzeamTi8Ww94Q3zNN9romk="},"indexInfo":{"baseKey":"BXIOgVTyC/QnrrlFrz2SC1y6NNWRGkjOBbav4LYZ6low","baseKeyType":1,"closed":1686139895660,"used":1686138801212,"created":1686138801212,"remoteIdentityKey":"BVYjW3JyyMqF5KMIgCU06VGRN9th/3awTMDC0I/G+UQd"},"_chains":{"BcegUyhWR6ui84OHAHODMu5jrDGRzYvTFOUMjoVkqp8n":{"chainKey":{"counter":107,"key":"+b7Mvg3vq284CyGPkfAswIlOdkb0f4H1SkgSCBwCupw="},"chainType":1,"messageKeys":{}}},"pendingPreKey":{"signedKeyId":0,"baseKey":"BXIOgVTyC/QnrrlFrz2SC1y6NNWRGkjOBbav4LYZ6low","preKeyId":5081887}},"BSQsFtTAh1vecxixUvqE94gPyWTTaZHdJR3P4dcwLRUu":{"registrationId":2088650502,"currentRatchet":{"ephemeralKeyPair":{"pubKey":"BRa5q5PIsN3L7qrvHb9id/pwXcU0V/gv0GIDKvsonQIi","privKey":"wCW9XoSipLOxGxcUxqG4aHJsYOp2cAuRRI1g7SeWLXQ="},"lastRemoteEphemeralKey":"BaqCouodbqMTSA0RAk78FGDVRoIWA7KXB+3la36KeJsv","previousCounter":0,"rootKey":"kbPnVSkP6WJmJ5dHLPhVrfuPs6gFtD1Z34PuDUlF+GM="},"indexInfo":{"baseKey":"BSQsFtTAh1vecxixUvqE94gPyWTTaZHdJR3P4dcwLRUu","baseKeyType":1,"closed":-1,"used":1686139895658,"created":1686139895658,"remoteIdentityKey":"BVYjW3JyyMqF5KMIgCU06VGRN9th/3awTMDC0I/G+UQd"},"_chains":{"BRa5q5PIsN3L7qrvHb9id/pwXcU0V/gv0GIDKvsonQIi":{"chainKey":{"counter":155,"key":"/J1LfK45KOg6Xs4Dk+jyu9AJ8UWaLdv/ZdLnhfNWCcc="},"chainType":1,"messageKeys":{}}},"pendingPreKey":{"signedKeyId":0,"baseKey":"BSQsFtTAh1vecxixUvqE94gPyWTTaZHdJR3P4dcwLRUu","preKeyId":5081876}}},"version":"v1"}