{"_sessions":{"BbnL4ybjNN1M+ObRwzmUBhal7nQY3R5Xb8bUQgzd9WYM":{"registrationId":893596574,"currentRatchet":{"ephemeralKeyPair":{"pubKey":"BTtRLJERiJNZDboYrELktj33WD1RxFX/S4ORZdZHOwoq","privKey":"AB3ZTLy0tLGI8OEnKPBUZCsyqDtmN0qdQSOe2b/1P1U="},"lastRemoteEphemeralKey":"BRIDLRvFcRVb4SeOAU333aHNvM91Oq23dg4G6nSGRiBO","previousCounter":0,"rootKey":"LRVCeprr1i/+gzshJMNu1q1JWe24MFR653FGbxai5DI="},"indexInfo":{"baseKey":"BbnL4ybjNN1M+ObRwzmUBhal7nQY3R5Xb8bUQgzd9WYM","baseKeyType":1,"closed":1686139487329,"used":1686138799000,"created":1686138799000,"remoteIdentityKey":"BbxU2ZDZSWZJM5F9rBwRYmlXO3qm2Cszs8+JLIhcu1Il"},"_chains":{"BTtRLJERiJNZDboYrELktj33WD1RxFX/S4ORZdZHOwoq":{"chainKey":{"counter":65,"key":"56za7E1pFv21cNzDj8wzx9yfNWUOmMavNPoQVHCsj10="},"chainType":1,"messageKeys":{}}},"pendingPreKey":{"signedKeyId":2,"baseKey":"BbnL4ybjNN1M+ObRwzmUBhal7nQY3R5Xb8bUQgzd9WYM","preKeyId":17388}},"BZ7hpnbbIyOoe7hdM8dEmpOycm16C/JJt5EonlqwybZS":{"registrationId":893596574,"currentRatchet":{"ephemeralKeyPair":{"pubKey":"BTo55zVbo+eXPuWnilGQOj0dgrWbiTX6IJ9e1MahfM59","privKey":"6JbfZnYFyprLLgGSQzk05VRE2PsuEJwrEN4pGERE+mo="},"lastRemoteEphemeralKey":"BRIDLRvFcRVb4SeOAU333aHNvM91Oq23dg4G6nSGRiBO","previousCounter":0,"rootKey":"nd86STSJMgWZMDIfSTzFozP0Sfnp8wv3JuXYz7xDsU0="},"indexInfo":{"baseKey":"BZ7hpnbbIyOoe7hdM8dEmpOycm16C/JJt5EonlqwybZS","baseKeyType":1,"closed":-1,"used":1686139487304,"created":1686139487304,"remoteIdentityKey":"BbxU2ZDZSWZJM5F9rBwRYmlXO3qm2Cszs8+JLIhcu1Il"},"_chains":{"BTo55zVbo+eXPuWnilGQOj0dgrWbiTX6IJ9e1MahfM59":{"chainKey":{"counter":197,"key":"5lneAn18qKQ4ussF/QCx75FbcqnjC8YfHT4TVf8smdQ="},"chainType":1,"messageKeys":{}}},"pendingPreKey":{"signedKeyId":2,"baseKey":"BZ7hpnbbIyOoe7hdM8dEmpOycm16C/JJt5EonlqwybZS","preKeyId":17921}}},"version":"v1"}