{"_sessions":{"BRvBgm2EVCK8t+PX+wHIOcAEXBbGxSoYJWJNCSF+vGEE":{"registrationId":1721165480,"currentRatchet":{"ephemeralKeyPair":{"pubKey":"BQsnRQvqYwhHX2UC2V8HIdzaa+WC6Y5M1jd7Ngs/IsVZ","privKey":"KB8svQ9N1wlFyhUSU3oNijLxGovyvXOZyCg0HEul60k="},"lastRemoteEphemeralKey":"BXcMSs+IDQ2CSoezPPz+Nin3wyDalArDLqDw1yBP3aF+","previousCounter":0,"rootKey":"cBR0IE03fh4AuPnk68HFDHMDC4My7P+1hriMp+CFe1g="},"indexInfo":{"baseKey":"BRvBgm2EVCK8t+PX+wHIOcAEXBbGxSoYJWJNCSF+vGEE","baseKeyType":1,"closed":-1,"used":1686138801772,"created":1686138801772,"remoteIdentityKey":"BcHq0coBPU6Ak6MN2wVbEvM8usPsZvYkcQ9ACqN0DrQ1"},"_chains":{"BQsnRQvqYwhHX2UC2V8HIdzaa+WC6Y5M1jd7Ngs/IsVZ":{"chainKey":{"counter":263,"key":"u+JNAGApLmi3xz7oGyAEMVEHmSihHbLHqpb9xbbDjLY="},"chainType":1,"messageKeys":{}}},"pendingPreKey":{"signedKeyId":2,"baseKey":"BRvBgm2EVCK8t+PX+wHIOcAEXBbGxSoYJWJNCSF+vGEE","preKeyId":8588417}}},"version":"v1"}