{"_sessions":{"BTDNQUatyljqT3g3pv+v0hp4kGGStAnstgik9gQ0LqEG":{"registrationId":269383085,"currentRatchet":{"ephemeralKeyPair":{"pubKey":"BfTipChGMXSLWnxiEc60I3ZBn3HZWpiqgeCb18E07OIh","privKey":"cPuwwq3keeiYfMKcN6FnIg92XBZOXbWerL+IsA52BHQ="},"lastRemoteEphemeralKey":"BWbnwQPf149AiWIa+i3k0wrwISJ+N+XtBR923v95OpV5","previousCounter":0,"rootKey":"NCHUMrflqpvSbdnQzjX6K69AH39Fk+RnI9viVqjCe2o="},"indexInfo":{"baseKey":"BTDNQUatyljqT3g3pv+v0hp4kGGStAnstgik9gQ0LqEG","baseKeyType":1,"closed":1686140196700,"used":1686138798808,"created":1686138798808,"remoteIdentityKey":"BQdeq8yBjb0RDZ5BOUv/OSHBV9bKSw1i0cIiYu5Gyutq"},"_chains":{"BfTipChGMXSLWnxiEc60I3ZBn3HZWpiqgeCb18E07OIh":{"chainKey":{"counter":114,"key":"osRN7O8nJl0JLzVJmx6zo2BTSNjKZsVwtZNV+qVu7Z4="},"chainType":1,"messageKeys":{}}},"pendingPreKey":{"signedKeyId":6,"baseKey":"BTDNQUatyljqT3g3pv+v0hp4kGGStAnstgik9gQ0LqEG","preKeyId":4928093}},"BUULIBWhH67TSGa7h+xzfKyLeTZcJrwOdQkyxi9V4DMj":{"registrationId":269383085,"currentRatchet":{"ephemeralKeyPair":{"pubKey":"BY+6Rt6MszoVqzsArTFk67K58Af+kwPn5HZPrroU7kwJ","privKey":"OLpQQ8rTWk5r8QDqmBl3IAcVNiHi1liIeE2UlMUPXX0="},"lastRemoteEphemeralKey":"BWbnwQPf149AiWIa+i3k0wrwISJ+N+XtBR923v95OpV5","previousCounter":0,"rootKey":"AXwI7GrKovQDSnGPqgHKqETcWh5e6YM1OAzBLg0dO2U="},"indexInfo":{"baseKey":"BUULIBWhH67TSGa7h+xzfKyLeTZcJrwOdQkyxi9V4DMj","baseKeyType":1,"closed":1686140214223,"used":1686140196665,"created":1686140196665,"remoteIdentityKey":"BQdeq8yBjb0RDZ5BOUv/OSHBV9bKSw1i0cIiYu5Gyutq"},"_chains":{"BY+6Rt6MszoVqzsArTFk67K58Af+kwPn5HZPrroU7kwJ":{"chainKey":{"counter":2,"key":"jsBZYMhnxigG+vEidmLpm9xwvWL8ePB+hee8X83Qxno="},"chainType":1,"messageKeys":{}}},"pendingPreKey":{"signedKeyId":6,"baseKey":"BUULIBWhH67TSGa7h+xzfKyLeTZcJrwOdQkyxi9V4DMj","preKeyId":4928671}},"BTAbORBhvqyHmqgiGQ0QKrlY6aIL8jcTBlNfsvSpl7kt":{"registrationId":269383085,"currentRatchet":{"ephemeralKeyPair":{"pubKey":"BYjkC5xj8M1i+jnA83RkwIoe6wpkHp7XSyic/PRbTz5u","privKey":"KEBJglHDJGTRgALb2yORmsANGh1NHuDG7ALbKD556m4="},"lastRemoteEphemeralKey":"BWbnwQPf149AiWIa+i3k0wrwISJ+N+XtBR923v95OpV5","previousCounter":0,"rootKey":"6nVZBWYYSaKdEkB/EBzEqKM8SIIclC/mnDcM/ry6LOU="},"indexInfo":{"baseKey":"BTAbORBhvqyHmqgiGQ0QKrlY6aIL8jcTBlNfsvSpl7kt","baseKeyType":1,"closed":-1,"used":1686140214200,"created":1686140214200,"remoteIdentityKey":"BQdeq8yBjb0RDZ5BOUv/OSHBV9bKSw1i0cIiYu5Gyutq"},"_chains":{"BYjkC5xj8M1i+jnA83RkwIoe6wpkHp7XSyic/PRbTz5u":{"chainKey":{"counter":145,"key":"eBcV7otj3kkrqAh6CkWMXCJC4GTRMbsONAtIx8BiGOw="},"chainType":1,"messageKeys":{}}},"pendingPreKey":{"signedKeyId":6,"baseKey":"BTAbORBhvqyHmqgiGQ0QKrlY6aIL8jcTBlNfsvSpl7kt","preKeyId":4928641}}},"version":"v1"}