{"_sessions":{"BUobjOKUcky+zlSd7e/2+/w65bpgI5zX/foa30qsvBxU":{"registrationId":643683077,"currentRatchet":{"ephemeralKeyPair":{"pubKey":"Bbrf5B3RH+myvN/H4T6+2e1Gu5dTGkMoy3YjMLNTKR1G","privKey":"MDsvQktUEey7cIjXCqJHa2piwtWqdxWhPKEcwgEkuVc="},"lastRemoteEphemeralKey":"BexlQ3nnjRoRGz48ETUAuMgZN6JkMU0mhOMOFrhRSndO","previousCounter":0,"rootKey":"MWL+6DDU1Pdh7ryQbql0M4nYo/Sc5eH866/xLrFT2ZU="},"indexInfo":{"baseKey":"BUobjOKUcky+zlSd7e/2+/w65bpgI5zX/foa30qsvBxU","baseKeyType":1,"closed":-1,"used":1686138803558,"created":1686138803558,"remoteIdentityKey":"BR/pJfHAKYfKmo6ahdRW0O6yJpDF0REPi7f2Wzc/Fc5k"},"_chains":{"Bbrf5B3RH+myvN/H4T6+2e1Gu5dTGkMoy3YjMLNTKR1G":{"chainKey":{"counter":263,"key":"BHCuX9pOIhT0TOI1X2T48b+RSUhMVLWr2A/Oct/FlmI="},"chainType":1,"messageKeys":{}}},"pendingPreKey":{"signedKeyId":1,"baseKey":"BUobjOKUcky+zlSd7e/2+/w65bpgI5zX/foa30qsvBxU","preKeyId":14204006}}},"version":"v1"}