{"_sessions":{"Bbz9zF01KVkOMrSay5XCTlQYDfNf/kZLqjBToNkMkNMg":{"registrationId":1594134493,"currentRatchet":{"ephemeralKeyPair":{"pubKey":"BeFkg391v2bJ2gRQBJAInE5m7Bjkv3qi80J+qu97rVBj","privKey":"iOwH3baMtroDsPTQoo0SAfgR7b+qXlB82qOaM3jxSXM="},"lastRemoteEphemeralKey":"BUpJPcdiOragGPbnq0zfVH+Ot3xQwIaY5H9HvCw7qBI2","previousCounter":0,"rootKey":"CNBxQcaqOAEWvE8C2O+ydSslvafzP4p2X7DIJSYbALs="},"indexInfo":{"baseKey":"Bbz9zF01KVkOMrSay5XCTlQYDfNf/kZLqjBToNkMkNMg","baseKeyType":1,"closed":-1,"used":1686138802181,"created":1686138802181,"remoteIdentityKey":"BcwA8P0nhXIO8DxoG8aw9l8wCxjn8SMtfEStabowMqkk"},"_chains":{"BeFkg391v2bJ2gRQBJAInE5m7Bjkv3qi80J+qu97rVBj":{"chainKey":{"counter":263,"key":"p43h88wBHOonZ+3T5Gpj15fbje/Dzks5Ip5zQ2vp43Y="},"chainType":1,"messageKeys":{}}},"pendingPreKey":{"signedKeyId":1,"baseKey":"Bbz9zF01KVkOMrSay5XCTlQYDfNf/kZLqjBToNkMkNMg","preKeyId":12044024}}},"version":"v1"}