{"_sessions":{"BV1/gVcZjXBgqqBv04w5Z4Swt79CEIOkxhEwnIuSG1pI":{"registrationId":165,"currentRatchet":{"ephemeralKeyPair":{"pubKey":"BWk0riCYJU508zZLQkoHpKsZhSGsiCZ222KPMlTLFFcn","privKey":"sEg7HgvDgfPCYC3faJueUKyFYOCK5T1lvr4qF06SsG8="},"lastRemoteEphemeralKey":"BWOwSHzJ64cWQbPFM3hMLdcWo3xub1xfsH0tLplrx8A9","previousCounter":0,"rootKey":"9W3HSXT7/FnRaRSezKK528+q9nkvim9iiK6PqSlV+uA="},"indexInfo":{"baseKey":"BV1/gVcZjXBgqqBv04w5Z4Swt79CEIOkxhEwnIuSG1pI","baseKeyType":1,"closed":-1,"used":1686138795565,"created":1686138795565,"remoteIdentityKey":"BbizaLP2p3xq6mPIBPsAPDM9g33kDfitSZN+mvMdA5Yg"},"_chains":{"BWk0riCYJU508zZLQkoHpKsZhSGsiCZ222KPMlTLFFcn":{"chainKey":{"counter":263,"key":"pwJPYt9mun0SuXV6qA3Ham7Db8yGwcGf0HBzewYElEA="},"chainType":1,"messageKeys":{}}},"pendingPreKey":{"signedKeyId":1,"baseKey":"BV1/gVcZjXBgqqBv04w5Z4Swt79CEIOkxhEwnIuSG1pI"}}},"version":"v1"}