{"_sessions":{"BX88Lb8798CpCT8YtWPP5x7BDz9HXhGuHWqfWXTWLYkH":{"registrationId":1230693147,"currentRatchet":{"ephemeralKeyPair":{"pubKey":"BVpgQIvMxbQbibAyaQSe5B9EjJbxydtRAw9TCYjWy99y","privKey":"ULkh4+YSpPptM2fxneQuTtQCPNx90gvwC0Da4CNW3FE="},"lastRemoteEphemeralKey":"BcFQLhnZKHlUt7esRSN2666obgXYD9cTsxzOtgMvQWoK","previousCounter":0,"rootKey":"xfYdGdjXgvEHqbWwAOKgVPW+tZXmUKTCvnJGLcfu4cs="},"indexInfo":{"baseKey":"BX88Lb8798CpCT8YtWPP5x7BDz9HXhGuHWqfWXTWLYkH","baseKeyType":1,"closed":-1,"used":1686138800266,"created":1686138800266,"remoteIdentityKey":"BXPia48ipr8akbFHp/i4LZ0aWuJ7g4qPruFh+7H/DsU5"},"_chains":{"BVpgQIvMxbQbibAyaQSe5B9EjJbxydtRAw9TCYjWy99y":{"chainKey":{"counter":263,"key":"RlsQXAmpSH/rNMRHdpUn5Po0+HISzrIWrm38ver2tT4="},"chainType":1,"messageKeys":{}}},"pendingPreKey":{"signedKeyId":4,"baseKey":"BX88Lb8798CpCT8YtWPP5x7BDz9HXhGuHWqfWXTWLYkH","preKeyId":12945926}}},"version":"v1"}