{"_sessions":{"BUCgZsTlSLLtnDcyJrjHWsy/N+nrDhe0F9CkYqq8vkpJ":{"registrationId":629329515,"currentRatchet":{"ephemeralKeyPair":{"pubKey":"BV3RuUd9yAQirn0gKGSW0HtF7tsLfKRUpSpgZDnIus5c","privKey":"6Bb6kACcY5Gl+hkWWZhT+gZqioMy/2L8xgr7qN0FBWU="},"lastRemoteEphemeralKey":"BZGyu5LJke18o0hLPrxTvch9xnpJNYx6KTwr1gU7fENl","previousCounter":0,"rootKey":"hbT31RM/CK87MnYryGuLVY3FvPe5PNRMKxE5tyJZx5o="},"indexInfo":{"baseKey":"BUCgZsTlSLLtnDcyJrjHWsy/N+nrDhe0F9CkYqq8vkpJ","baseKeyType":1,"closed":1686139727309,"used":1686138803438,"created":1686138803438,"remoteIdentityKey":"BWkNwavla66zCksjQ/JiLBUHaNDKNNCJ+A0WMu2JCD1Y"},"_chains":{"BV3RuUd9yAQirn0gKGSW0HtF7tsLfKRUpSpgZDnIus5c":{"chainKey":{"counter":88,"key":"rxzNQyuxG7I15LsJRY4lR9mAuvw3FoWrBcFOEYIROd8="},"chainType":1,"messageKeys":{}}},"pendingPreKey":{"signedKeyId":0,"baseKey":"BUCgZsTlSLLtnDcyJrjHWsy/N+nrDhe0F9CkYqq8vkpJ","preKeyId":125417}},"BcPFlC2DOEQsUtsMnpiITYtwxIPrXfjll1KajGmnpB0g":{"registrationId":629329515,"currentRatchet":{"ephemeralKeyPair":{"pubKey":"BaakZvA9y8Kl4d/AWzBoGqH5QuH/fpOe88NmdnUCk9AS","privKey":"wDMQIPhr0kP3mI8hg2qScsCPMRowhI26I8kUYs6TVEc="},"lastRemoteEphemeralKey":"BZGyu5LJke18o0hLPrxTvch9xnpJNYx6KTwr1gU7fENl","previousCounter":0,"rootKey":"N2PlNTDe0YqNdF3fmfMNxfpK2hecEYPsda+ywC8CPsk="},"indexInfo":{"baseKey":"BcPFlC2DOEQsUtsMnpiITYtwxIPrXfjll1KajGmnpB0g","baseKeyType":1,"closed":-1,"used":1686139727279,"created":1686139727279,"remoteIdentityKey":"BWkNwavla66zCksjQ/JiLBUHaNDKNNCJ+A0WMu2JCD1Y"},"_chains":{"BaakZvA9y8Kl4d/AWzBoGqH5QuH/fpOe88NmdnUCk9AS":{"chainKey":{"counter":174,"key":"rUXPFHRRHue2Y73zhwjPlXCoeoAiFsdQ7HzwJkhIu0o="},"chainType":1,"messageKeys":{}}},"pendingPreKey":{"signedKeyId":0,"baseKey":"BcPFlC2DOEQsUtsMnpiITYtwxIPrXfjll1KajGmnpB0g","preKeyId":125288}}},"version":"v1"}