{"_sessions":{"BfHTn88rT178KFFHRvWns9vtzlpxYZ5ZFw1+LTK1Ntxt":{"registrationId":294811015,"currentRatchet":{"ephemeralKeyPair":{"pubKey":"BVYapplrXQST1TK3g25e0eGmht0cI8fsUPQqn2pGVV8r","privKey":"APsFXWzJJOv6xW/OV900hrXUFfRutfoDEjMFGBGX31o="},"lastRemoteEphemeralKey":"BeG3U0X4tqG22C1zxDiR90wt1f/AMToqUDdlVSqjoQFa","previousCounter":0,"rootKey":"1fLoBuobGV7Ygi9hp8zeoV40CgAQQkk+8KxjXoTrcmw="},"indexInfo":{"baseKey":"BfHTn88rT178KFFHRvWns9vtzlpxYZ5ZFw1+LTK1Ntxt","baseKeyType":1,"closed":1686139069103,"used":1686138802984,"created":1686138802984,"remoteIdentityKey":"BS3UCA38j5l3eyPskX5M8CwXw+8c9I3Sy+NvfIPpPMxr"},"_chains":{"BVYapplrXQST1TK3g25e0eGmht0cI8fsUPQqn2pGVV8r":{"chainKey":{"counter":2,"key":"/WXnADSxWA34vZMii/jMYfqtsmwVikvMT5c4418Un1Q="},"chainType":1,"messageKeys":{}}},"pendingPreKey":{"signedKeyId":1,"baseKey":"BfHTn88rT178KFFHRvWns9vtzlpxYZ5ZFw1+LTK1Ntxt","preKeyId":11105867}},"BXgNP59zqFyt8wbQkWMJ/boYDPdGlZlGWhdV1XQyt28d":{"registrationId":294811015,"currentRatchet":{"ephemeralKeyPair":{"pubKey":"BQnVQfPedALHBJPMnAdGAVFDPIi04EwJ09RwXFgtKQJj","privKey":"WD/DahpdnSCnphVL/ooelvf8GrLtr6yisepRgINCJWU="},"lastRemoteEphemeralKey":"BeG3U0X4tqG22C1zxDiR90wt1f/AMToqUDdlVSqjoQFa","previousCounter":0,"rootKey":"pQ0pvS+i5cQcxESs52guCRjmnCS2bBOD5Op7xbQPHN0="},"indexInfo":{"baseKey":"BXgNP59zqFyt8wbQkWMJ/boYDPdGlZlGWhdV1XQyt28d","baseKeyType":1,"closed":-1,"used":1686139068976,"created":1686139068976,"remoteIdentityKey":"BS3UCA38j5l3eyPskX5M8CwXw+8c9I3Sy+NvfIPpPMxr"},"_chains":{"BQnVQfPedALHBJPMnAdGAVFDPIi04EwJ09RwXFgtKQJj":{"chainKey":{"counter":260,"key":"0F1sCu0jhhSZZaMnZVInDSd0bp6LEARZ8E4Pis+0vkw="},"chainType":1,"messageKeys":{}}},"pendingPreKey":{"signedKeyId":1,"baseKey":"BXgNP59zqFyt8wbQkWMJ/boYDPdGlZlGWhdV1XQyt28d","preKeyId":11105868}}},"version":"v1"}