{"_sessions":{"BfNJhF9JI8IqghfrUf8s+ikjBtMLyCapTaXx6gmqljxK":{"registrationId":1409807308,"currentRatchet":{"ephemeralKeyPair":{"pubKey":"BdS3UFpYrOFlOpEkrVoJy3dM4A5dq0PVmwos/sQ90ypT","privKey":"sBlaFBr9dujiTvrXTNvYqa+yufu8JJ+IJIwudhV+nEQ="},"lastRemoteEphemeralKey":"BdQMFtbay/YSbvRmlivnYTsuv5FKZk92Dm/LLfCwpvYL","previousCounter":0,"rootKey":"sLMvLYcFNMbmp1Wm/M7k7Etb4LVw/8kYupjzhsEgUdE="},"indexInfo":{"baseKey":"BfNJhF9JI8IqghfrUf8s+ikjBtMLyCapTaXx6gmqljxK","baseKeyType":1,"closed":-1,"used":1686138799996,"created":1686138799996,"remoteIdentityKey":"BUH3Z2Nv7FeqSNgowSEOo5gfZCEwdR6Q+gTua6f3EdJF"},"_chains":{"BdS3UFpYrOFlOpEkrVoJy3dM4A5dq0PVmwos/sQ90ypT":{"chainKey":{"counter":263,"key":"XLD6+ZnW1Sy4wCDFMCROn4RradUvJlduSrlxhOxaFh0="},"chainType":1,"messageKeys":{}}},"pendingPreKey":{"signedKeyId":1,"baseKey":"BfNJhF9JI8IqghfrUf8s+ikjBtMLyCapTaXx6gmqljxK","preKeyId":14814457}}},"version":"v1"}