{"_sessions":{"BRexUrhp/uTtGeM9boMCIlWZX1McksNp3OG3Bvu85RkE":{"registrationId":6460,"currentRatchet":{"ephemeralKeyPair":{"pubKey":"BevZICCBxkDJUGBCFQp0RBQ3A0AI5rWkGawdzj84yeUt","privKey":"SN68KkzGA1u/sCfcNE/efOetnu4LE+YtjUYbre5q6mY="},"lastRemoteEphemeralKey":"BbohAwg2J7uZPvR4VSQG+FeOaTpxjRe2HbrtzPKbyJA8","previousCounter":0,"rootKey":"GMA8dehfOoH0cXIjhMwlxBPOVFLsdbIOtpliQSYTwuk="},"indexInfo":{"baseKey":"BRexUrhp/uTtGeM9boMCIlWZX1McksNp3OG3Bvu85RkE","baseKeyType":1,"closed":-1,"used":1686138796690,"created":1686138796690,"remoteIdentityKey":"BWlWnCaNXXV9+B/Z430fza0Ei9yoDFTlnEdQ3olQ5GQ5"},"_chains":{"BevZICCBxkDJUGBCFQp0RBQ3A0AI5rWkGawdzj84yeUt":{"chainKey":{"counter":263,"key":"z2JRx24iJCsmq+uk0abRbpqs2ghs/YmdFDoyE9wfRxk="},"chainType":1,"messageKeys":{}}},"pendingPreKey":{"signedKeyId":1,"baseKey":"BRexUrhp/uTtGeM9boMCIlWZX1McksNp3OG3Bvu85RkE"}}},"version":"v1"}