{"_sessions":{"BYTBnn8qPKaS2LhveRP/LpJtQZwJJSFcXVrrrFxwq3sP":{"registrationId":141,"currentRatchet":{"ephemeralKeyPair":{"pubKey":"BaeoC6vTSs/ubOlBuqZ8om0fB06OUSIiPTCpT+BDd8UV","privKey":"QA348P6LDWwaTctGViQT56w81gkM6Y2EWaJ3cKVuSmQ="},"lastRemoteEphemeralKey":"BexMJD1mmFRX7LoKyK4ASPyZybqrArc5Z8Kj0PEyeZlu","previousCounter":0,"rootKey":"rsAszyq66ax6XRp6nfucaVbPO4H/BfWsRmzXhCfZdGM="},"indexInfo":{"baseKey":"BYTBnn8qPKaS2LhveRP/LpJtQZwJJSFcXVrrrFxwq3sP","baseKeyType":2,"closed":1686139046310,"used":1686138750852,"created":1686138750852,"remoteIdentityKey":"BUh6doPTQwRDyHEQ3vg/028Rn9FHSGv6++E7q0GvHGJN"},"_chains":{"BexMJD1mmFRX7LoKyK4ASPyZybqrArc5Z8Kj0PEyeZlu":{"chainKey":{"counter":0,"key":"MkWJaYEFd65cqFRL1xGSZk7O+nm8S19HQiMdrMvlF/4="},"chainType":2,"messageKeys":{}},"BaeoC6vTSs/ubOlBuqZ8om0fB06OUSIiPTCpT+BDd8UV":{"chainKey":{"counter":0,"key":"Boks1JUEUBchi8PYwxCwQtK7InQOyail0eos2XCXpR0="},"chainType":1,"messageKeys":{}}}},"Bc/yidAl5s+wYbqY4q6rB61XBvZI/wU0x4P/IHW+bi9n":{"registrationId":141,"currentRatchet":{"ephemeralKeyPair":{"pubKey":"BZ3by5mFmDHJhEEQdiB9wKv5l5r8+1OBe+Rl57RkXXov","privKey":"+Lq9JIZMUc2qREjlq1xKXqJjytZ4JvHQagrNVsEpN1Q="},"lastRemoteEphemeralKey":"BeK1rgFDu550D+V6rY1t9TKfoHFJrzrVTHnFga0CiRAA","previousCounter":0,"rootKey":"ONeWuFUIz0McO7nh+NGM3kE4yd/71rdg8aXemzeA/HA="},"indexInfo":{"baseKey":"Bc/yidAl5s+wYbqY4q6rB61XBvZI/wU0x4P/IHW+bi9n","baseKeyType":1,"closed":-1,"used":1686139044074,"created":1686139044074,"remoteIdentityKey":"BUh6doPTQwRDyHEQ3vg/028Rn9FHSGv6++E7q0GvHGJN"},"_chains":{"BZ3by5mFmDHJhEEQdiB9wKv5l5r8+1OBe+Rl57RkXXov":{"chainKey":{"counter":263,"key":"1XyITchc9s7lInTQhVVECj8IFl3l6KggsUsr5lFW3qA="},"chainType":1,"messageKeys":{}}},"pendingPreKey":{"signedKeyId":1,"baseKey":"Bc/yidAl5s+wYbqY4q6rB61XBvZI/wU0x4P/IHW+bi9n","preKeyId":445}}},"version":"v1"}