{"_sessions":{"BWPbKg96cA4Y9r/rQC1CB8svp8IVt/jA/oKWnbKdWZ87":{"registrationId":1470448403,"currentRatchet":{"ephemeralKeyPair":{"pubKey":"BQ1B+Aif73bsRrBPKMQCLhtsyBCyVO+WVHuuLcUKdw9F","privKey":"eBiCsYviF0yd2F09HXH6ClZ659vXV/kXC6171U5O+m0="},"lastRemoteEphemeralKey":"BVYXe6/0SWWpw3eGY7N1wtMPsiKu24m8MakCJr2luHxH","previousCounter":0,"rootKey":"16vwqdQKq8FxvFzTCAHp98ddnwIqj+Yny1DZc30jTEo="},"indexInfo":{"baseKey":"BWPbKg96cA4Y9r/rQC1CB8svp8IVt/jA/oKWnbKdWZ87","baseKeyType":1,"closed":1686139855477,"used":1686138803631,"created":1686138803631,"remoteIdentityKey":"BZhrpsQ2eT3jTW54sZClooLuBgLi9gVJZGnJIe7Yn05I"},"_chains":{"BQ1B+Aif73bsRrBPKMQCLhtsyBCyVO+WVHuuLcUKdw9F":{"chainKey":{"counter":105,"key":"sBsnUXtmc3OYNZdusAe01XYDOv1yJ3EQWQjMmqVem58="},"chainType":1,"messageKeys":{}}},"pendingPreKey":{"signedKeyId":1,"baseKey":"BWPbKg96cA4Y9r/rQC1CB8svp8IVt/jA/oKWnbKdWZ87"}},"BcNxSuh4wpTdwqvAuKL2Spgdz/ALLVWghBKkJt0isfgM":{"registrationId":1470448403,"currentRatchet":{"ephemeralKeyPair":{"pubKey":"BRpmP0X0OzOrPFcy8YFYCSHF7lcq3gR5/oERBNnESh8w","privKey":"UOEbbPoMZiVyvL/ImdqlRuRGS3koOf/7hkkeA9kj4G0="},"lastRemoteEphemeralKey":"BVYXe6/0SWWpw3eGY7N1wtMPsiKu24m8MakCJr2luHxH","previousCounter":0,"rootKey":"lyS0ZwwgzH1eOyuD+nc6GiFqIFwhu7DkNw7urekIpcc="},"indexInfo":{"baseKey":"BcNxSuh4wpTdwqvAuKL2Spgdz/ALLVWghBKkJt0isfgM","baseKeyType":1,"closed":-1,"used":1686139855454,"created":1686139855454,"remoteIdentityKey":"BZhrpsQ2eT3jTW54sZClooLuBgLi9gVJZGnJIe7Yn05I"},"_chains":{"BRpmP0X0OzOrPFcy8YFYCSHF7lcq3gR5/oERBNnESh8w":{"chainKey":{"counter":157,"key":"eqJXxc/jLaRoSSffTg2xX69bvMmFhKBCRNuabfzsVVg="},"chainType":1,"messageKeys":{}}},"pendingPreKey":{"signedKeyId":1,"baseKey":"BcNxSuh4wpTdwqvAuKL2Spgdz/ALLVWghBKkJt0isfgM"}}},"version":"v1"}