{"_sessions":{"BSqLf/d9/Jf+fXXEreL1DfirX0fgjoiOoY/mj2X8LGhD":{"registrationId":1478330880,"currentRatchet":{"ephemeralKeyPair":{"pubKey":"BYe/AdMAPNPa9ps9h3fsoO5Izd77e6DzqP9xfRe/J9pH","privKey":"GHV/GDEtkA4ILNfk/ymGXQo+QecUasktfLyC3oRDv28="},"lastRemoteEphemeralKey":"BRJOnMXJtKp42GWyjqB3U+WLc+PGsptNwMFNrx0/cMBq","previousCounter":0,"rootKey":"mb5MJkJ6ITSVR9xH9VoQq6MWnA3qj6SZZw1oV5rmU6c="},"indexInfo":{"baseKey":"BSqLf/d9/Jf+fXXEreL1DfirX0fgjoiOoY/mj2X8LGhD","baseKeyType":1,"closed":-1,"used":1686138799726,"created":1686138799726,"remoteIdentityKey":"BRfLtBabYyzjfNzBCDD/7gC8IX+yxwoCsSZ1KevUuOwL"},"_chains":{"BYe/AdMAPNPa9ps9h3fsoO5Izd77e6DzqP9xfRe/J9pH":{"chainKey":{"counter":263,"key":"pg69wfghWk8hiBiNjKz+4FaG4zevhRcYLpCUWdwiiqw="},"chainType":1,"messageKeys":{}}},"pendingPreKey":{"signedKeyId":0,"baseKey":"BSqLf/d9/Jf+fXXEreL1DfirX0fgjoiOoY/mj2X8LGhD","preKeyId":3619992}}},"version":"v1"}