{"_sessions":{"BbuuUijY0Z6z7fI+rx8F7eVrnCbZV2unJN6HcKk0y4I2":{"registrationId":580436897,"currentRatchet":{"ephemeralKeyPair":{"pubKey":"BVZk7d76OVVO+FEgPAXptJraEXebMMYNJEYOSys5dg4O","privKey":"CBkeQh13QYO7qB5s456ixRM5o1SYPohdp6dJ7u29z1w="},"lastRemoteEphemeralKey":"Bff0clvq7un5K2aK/OntIIPxjovzmRT6+/dF81TTrH4G","previousCounter":0,"rootKey":"JqfVfD3MYM2c/J76k+HkG4eME7+YKQk2rE3TkZN1vZw="},"indexInfo":{"baseKey":"BbuuUijY0Z6z7fI+rx8F7eVrnCbZV2unJN6HcKk0y4I2","baseKeyType":1,"closed":1686139455421,"used":1686138800244,"created":1686138800244,"remoteIdentityKey":"Be4RnyP7LRb5Bcj3TLK+Hb7I5mU8JJEAmbmYmbuHQ002"},"_chains":{"BVZk7d76OVVO+FEgPAXptJraEXebMMYNJEYOSys5dg4O":{"chainKey":{"counter":60,"key":"KLTHDXhgFMbkxN4z/hPM7J39AHh9HOJLceYq9FOnhpo="},"chainType":1,"messageKeys":{}}},"pendingPreKey":{"signedKeyId":0,"baseKey":"BbuuUijY0Z6z7fI+rx8F7eVrnCbZV2unJN6HcKk0y4I2","preKeyId":15952231}},"BcmQZfn4NpHYh9eZRyqwZMOvbELAdQrVyDY5sAR49HoQ":{"registrationId":580436897,"currentRatchet":{"ephemeralKeyPair":{"pubKey":"BRji6wEm5DKCWHhveA7RhTpVpyggt/eB9d8VvxR8uLI3","privKey":"2Nv8SLlqL1URHvbDAPikDVNd7/l9yRdt6hJSzt6/lm0="},"lastRemoteEphemeralKey":"Bff0clvq7un5K2aK/OntIIPxjovzmRT6+/dF81TTrH4G","previousCounter":0,"rootKey":"zNc807JuF30ztvl7DyCcSLXHLWQAgyIKI8gTvbpLnb4="},"indexInfo":{"baseKey":"BcmQZfn4NpHYh9eZRyqwZMOvbELAdQrVyDY5sAR49HoQ","baseKeyType":1,"closed":-1,"used":1686139455378,"created":1686139455378,"remoteIdentityKey":"Be4RnyP7LRb5Bcj3TLK+Hb7I5mU8JJEAmbmYmbuHQ002"},"_chains":{"BRji6wEm5DKCWHhveA7RhTpVpyggt/eB9d8VvxR8uLI3":{"chainKey":{"counter":202,"key":"oofq3gZqRCfL3p7/UlcBhj/JV8Tfus3KKbUWBcLTVxw="},"chainType":1,"messageKeys":{}}},"pendingPreKey":{"signedKeyId":0,"baseKey":"BcmQZfn4NpHYh9eZRyqwZMOvbELAdQrVyDY5sAR49HoQ","preKeyId":15952139}}},"version":"v1"}