{"_sessions":{"BdhhdqvwAVdGEri6JLT7zghDBnTFp6ZmGwuJB4rmyyAj":{"registrationId":388389374,"currentRatchet":{"ephemeralKeyPair":{"pubKey":"BQCNNqfcrXUYDJXxfXwaf/NtC7EnyTavxlJ+15zM+rZ5","privKey":"gLYqlpc9d+e9D50kWJnZlcmrAwzcDLNb/mZap3f2uWI="},"lastRemoteEphemeralKey":"BXI8sjEqGwHdmcDEiUiEOmZuevKnqlv7VTcKSwyUzXJl","previousCounter":0,"rootKey":"CAu3Gbp7EwS0vwKBQKCd2reyFH/UEephElgLQ5JU1WQ="},"indexInfo":{"baseKey":"BdhhdqvwAVdGEri6JLT7zghDBnTFp6ZmGwuJB4rmyyAj","baseKeyType":1,"closed":-1,"used":1686138803344,"created":1686138803344,"remoteIdentityKey":"BVFRSQf3w0jFnwlIHPQJqVzZ1y6KZ9qgSsnmiuW1XJBu"},"_chains":{"BQCNNqfcrXUYDJXxfXwaf/NtC7EnyTavxlJ+15zM+rZ5":{"chainKey":{"counter":263,"key":"0dPnRhfiLmjfADyhvLY0iHxCJksMNvR4Mz7JqcXDcfY="},"chainType":1,"messageKeys":{}}},"pendingPreKey":{"signedKeyId":2,"baseKey":"BdhhdqvwAVdGEri6JLT7zghDBnTFp6ZmGwuJB4rmyyAj","preKeyId":12586894}}},"version":"v1"}