{"_sessions":{"Bfup/oEtAdZRucrzp04rY6P9wjfg/tYBHenHoq7CvzcE":{"registrationId":1138889612,"currentRatchet":{"ephemeralKeyPair":{"pubKey":"BfuiGreMJ9Pfw5JqzRq8r6zU9eWQOweSbXJz3JbdNhZ1","privKey":"8MyuhbE8c1hy6y47YJJDyU1IP4EZiS34rRhrvOeb+kQ="},"lastRemoteEphemeralKey":"BUTYaM0jI+0e8g0RnhrU1UOEXFAk8ktAkYxboekyr/MF","previousCounter":0,"rootKey":"SMbnf6PTU/8uvJOkl95yE9aM4S/Ap9v7nlySgMqqvXw="},"indexInfo":{"baseKey":"Bfup/oEtAdZRucrzp04rY6P9wjfg/tYBHenHoq7CvzcE","baseKeyType":1,"closed":1686139166085,"used":1686138802352,"created":1686138802352,"remoteIdentityKey":"BRzt87sPcVCULi1Q+ba2W7OZXT7Kn2LhzF0Rr1cnb81Z"},"_chains":{"BfuiGreMJ9Pfw5JqzRq8r6zU9eWQOweSbXJz3JbdNhZ1":{"chainKey":{"counter":9,"key":"bP8Yw9pJQpMX4icp9VTa/FEYxQ7uXQP2iFXZs5gazXg="},"chainType":1,"messageKeys":{}}},"pendingPreKey":{"signedKeyId":1,"baseKey":"Bfup/oEtAdZRucrzp04rY6P9wjfg/tYBHenHoq7CvzcE"}},"BcvceV/00Di58VXbtS2ZttIMlA/cXHrMM4rE/kA+U/Is":{"registrationId":1138889612,"currentRatchet":{"ephemeralKeyPair":{"pubKey":"BXRcTNrkVv8C0d3uMje/IgqEaLfYaeQDa6pAtUDIABUE","privKey":"MGauu6x7QViNf3aFCOPlHur4asu7Toh3U9Up2WQc31w="},"lastRemoteEphemeralKey":"BQ9Kl9rXHqRKcptBxLJiVJ5L7V3C1BpKYn2TDzqabgEe","previousCounter":94,"rootKey":"8wFRpoZnkrGnkHUEEUIcxTbk3cGNioTW7kK9fJhLDT4="},"indexInfo":{"baseKey":"BcvceV/00Di58VXbtS2ZttIMlA/cXHrMM4rE/kA+U/Is","baseKeyType":1,"closed":-1,"used":1686139800556,"created":1686139165583,"remoteIdentityKey":"BRzt87sPcVCULi1Q+ba2W7OZXT7Kn2LhzF0Rr1cnb81Z"},"_chains":{"BQ9Kl9rXHqRKcptBxLJiVJ5L7V3C1BpKYn2TDzqabgEe":{"chainKey":{"counter":0,"key":"M6COG8aDHbPjjmNtD4IaTeZChNBWrK7yPxSVAqC+59U="},"chainType":2,"messageKeys":{}},"BXRcTNrkVv8C0d3uMje/IgqEaLfYaeQDa6pAtUDIABUE":{"chainKey":{"counter":158,"key":"eG+8PW0GSXr4GzHeLQmrT+2v4ywzOiIYFl5pUaa6wss="},"chainType":1,"messageKeys":{}}}}},"version":"v1"}