{"_sessions":{"Bft6x63Mezcs06SdDTcPWRDvtoH29nzxaQToA82HzKNo":{"registrationId":536090525,"currentRatchet":{"ephemeralKeyPair":{"pubKey":"BUBAX/3YodqzAfCfXz9GehD9tihdHojK9Y7oPwSRATlz","privKey":"wBqm+AJuXaw9H/Tgbf42mzkyUr9daVGBXqzWXkftmno="},"lastRemoteEphemeralKey":"BfQ6SxI9yNqqoiuRF++5wjRux3yTOAA3z0JD4iuaEDUW","previousCounter":0,"rootKey":"1KWLN7KAZZfBN9sqlRWokkl2O7zSjW0W4fHIuJyVgak="},"indexInfo":{"baseKey":"Bft6x63Mezcs06SdDTcPWRDvtoH29nzxaQToA82HzKNo","baseKeyType":1,"closed":1686139321803,"used":1686138802945,"created":1686138802945,"remoteIdentityKey":"BSLL26c1Z4KlGfOpqPEuYsONtkFxP84Y4/610EJJoI5A"},"_chains":{"BUBAX/3YodqzAfCfXz9GehD9tihdHojK9Y7oPwSRATlz":{"chainKey":{"counter":38,"key":"TI2vLBqTOKrcbwG3PDjs8McGxKvmKqLQ1wMwROgu/P0="},"chainType":1,"messageKeys":{}}},"pendingPreKey":{"signedKeyId":0,"baseKey":"Bft6x63Mezcs06SdDTcPWRDvtoH29nzxaQToA82HzKNo","preKeyId":952676}},"BVoFH4fk/5ZmHBKxZJ8fEjCX2lqrAWKZl7XzxMWgjZka":{"registrationId":536090525,"currentRatchet":{"ephemeralKeyPair":{"pubKey":"Bac2xiNO+6HX3eF7QqnuG4W3mro9uhxjnE6rvOHO0v93","privKey":"OOhgocK//scRlWBuezTx9M00dTkG1PTMHUJdnbDu0Xw="},"lastRemoteEphemeralKey":"BfQ6SxI9yNqqoiuRF++5wjRux3yTOAA3z0JD4iuaEDUW","previousCounter":0,"rootKey":"YKJvGbDj9mNfrTW9jc6UbuSmfTrPtUZ/BK7nr7CnBy4="},"indexInfo":{"baseKey":"BVoFH4fk/5ZmHBKxZJ8fEjCX2lqrAWKZl7XzxMWgjZka","baseKeyType":1,"closed":-1,"used":1686139321790,"created":1686139321790,"remoteIdentityKey":"BSLL26c1Z4KlGfOpqPEuYsONtkFxP84Y4/610EJJoI5A"},"_chains":{"Bac2xiNO+6HX3eF7QqnuG4W3mro9uhxjnE6rvOHO0v93":{"chainKey":{"counter":224,"key":"bpO85viF2aKpJYyLiWUas0Q8v/XVWHoo+aSMtzJxW44="},"chainType":1,"messageKeys":{}}},"pendingPreKey":{"signedKeyId":0,"baseKey":"BVoFH4fk/5ZmHBKxZJ8fEjCX2lqrAWKZl7XzxMWgjZka","preKeyId":952886}}},"version":"v1"}