{"_sessions":{"BftvDJRy4zcJh0gyr3s+BZiuSQZJ5aIejJb5ED+rMzYN":{"registrationId":897844016,"currentRatchet":{"ephemeralKeyPair":{"pubKey":"BYBkIslPsgLkA1kdwFZ/izZxZP4F5IwKIm4FEjxPj4Zu","privKey":"IJI/XwNxo6duOg9Au0v7pRfA02r//hcZc2Vfwbj7m3o="},"lastRemoteEphemeralKey":"BehzfW+Zi8W9dZ6WLGsHBp/TS0zPqmoKVEUyXGecxJ1R","previousCounter":0,"rootKey":"3tZoq7NRUgwFm6UYbJWosiMjOdDINdZWbcodLfZfLKE="},"indexInfo":{"baseKey":"BftvDJRy4zcJh0gyr3s+BZiuSQZJ5aIejJb5ED+rMzYN","baseKeyType":1,"closed":-1,"used":1686138801695,"created":1686138801695,"remoteIdentityKey":"BS6zfwhRJ3sHPYUMJkV4JA91LLZEDOYVSgCo0CUCk7g1"},"_chains":{"BYBkIslPsgLkA1kdwFZ/izZxZP4F5IwKIm4FEjxPj4Zu":{"chainKey":{"counter":263,"key":"sSGS4QWdMnubIvPbDJZrCqlWKEn1i7RQioqSEPRHn7Q="},"chainType":1,"messageKeys":{}}},"pendingPreKey":{"signedKeyId":1,"baseKey":"BftvDJRy4zcJh0gyr3s+BZiuSQZJ5aIejJb5ED+rMzYN"}}},"version":"v1"}