{"_sessions":{"BeR+D2GuYRoFcGEIFNWnb2RlOJR6r4hVZ0XQNE9KjV4U":{"registrationId":146,"currentRatchet":{"ephemeralKeyPair":{"pubKey":"BeM5exS/Y5+5YkN83KkBEZgPvB+VXr876Wqu6CSlJUFO","privKey":"eIVRCYfq7HKKKxefSAa6GOz5pmYNNGuanPsifcLUhW4="},"lastRemoteEphemeralKey":"BXC2Qh+DtNfKTJf3P7NGYFTBb1DYUmXuwutlBNi9heN5","previousCounter":0,"rootKey":"FNxQAnUCVWWeE/I8WRYLS45T88oWbjahfgNxLUWze54="},"indexInfo":{"baseKey":"BeR+D2GuYRoFcGEIFNWnb2RlOJR6r4hVZ0XQNE9KjV4U","baseKeyType":1,"closed":1686138813430,"used":1686138795923,"created":1686138795923,"remoteIdentityKey":"BRnghDCGRiaQOTz81AMmDmr0zg8p3Xy/FT2iG8e/fAw3"},"_chains":{"BeM5exS/Y5+5YkN83KkBEZgPvB+VXr876Wqu6CSlJUFO":{"chainKey":{"counter":0,"key":"EbCntfZpfl4wZ9IdRPPk3QIfxoSwOpiHtvQP22NzUo8="},"chainType":1,"messageKeys":{}}},"pendingPreKey":{"signedKeyId":1,"baseKey":"BeR+D2GuYRoFcGEIFNWnb2RlOJR6r4hVZ0XQNE9KjV4U","preKeyId":71}},"BcrZTqJuw2XGnXrK1s2nNOkB77qM3bzwBxjMNmkaXQhD":{"registrationId":146,"currentRatchet":{"ephemeralKeyPair":{"pubKey":"BXNrd8NeldyhsDlxX8WZj4muAKjekRcfIT+nEfNFoDlM","privKey":"SGGL6z10ZbTxVJDGY4JqsFj8XKpeBsNcQtHx15k6n2g="},"lastRemoteEphemeralKey":"BdP9fjrlhsJiXQbFGOTSLOYzc0DnLYjW6l9Xfuvs7X9I","previousCounter":0,"rootKey":"37KB+eK7OObGj8tGtMPwqP4dBo+pKLjq4jfAJgVPD4w="},"indexInfo":{"baseKey":"BcrZTqJuw2XGnXrK1s2nNOkB77qM3bzwBxjMNmkaXQhD","baseKeyType":2,"closed":1686139049531,"used":1686138813440,"created":1686138813440,"remoteIdentityKey":"BRnghDCGRiaQOTz81AMmDmr0zg8p3Xy/FT2iG8e/fAw3"},"_chains":{"BdP9fjrlhsJiXQbFGOTSLOYzc0DnLYjW6l9Xfuvs7X9I":{"chainKey":{"counter":0,"key":"Z0a43vXasF7sAonApvlcp0sdVu72d1YGr5waLEUGq1w="},"chainType":2,"messageKeys":{}},"BXNrd8NeldyhsDlxX8WZj4muAKjekRcfIT+nEfNFoDlM":{"chainKey":{"counter":-1,"key":"EcWSGQ+NtG6oYRSkxGSpDaiz7UYY+xLfFm7xKet7q+c="},"chainType":1,"messageKeys":{}}}},"BfjTjK25/SnldRcBRPBi86a54+9b5tDr7W2GpL7pJNBr":{"registrationId":146,"currentRatchet":{"ephemeralKeyPair":{"pubKey":"BaEyHk1dIdrgg8bAMSG3UxkMjFAcuEuMEdDx0PXFum0a","privKey":"ODAfES26HLfzP2rAWUgtCeIzwHfCLZVxj1i70K/PJVI="},"lastRemoteEphemeralKey":"BeuyLTg+OUpMmJuN4uQjkiC0G1SesWcIH8UTq19XZ19U","previousCounter":16,"rootKey":"wTLhP7iPACVcMSja19Q9DJ1dHk+gn+9XLs/5qOEcUbw="},"indexInfo":{"baseKey":"BfjTjK25/SnldRcBRPBi86a54+9b5tDr7W2GpL7pJNBr","baseKeyType":1,"closed":-1,"used":1686140665618,"created":1686139049398,"remoteIdentityKey":"BRnghDCGRiaQOTz81AMmDmr0zg8p3Xy/FT2iG8e/fAw3"},"_chains":{"BdT2oveB8cCb2TWiQjyA6iI0W+B6D/1IA8fakA8/PFRt":{"chainKey":{"counter":2},"chainType":2,"messageKeys":{"0":"tp8L8U3lxvZasqTdixzuQdfGPlTGfRrW+fiPH6dKC0w="}},"BUKuE1n9kG+J/zGRRDHHFWRgcZhsOPnAnY3FNW6l0F0Y":{"chainKey":{"counter":0},"chainType":2,"messageKeys":{}},"BeuyLTg+OUpMmJuN4uQjkiC0G1SesWcIH8UTq19XZ19U":{"chainKey":{"counter":0,"key":"onHzHV+oeiL8CaZlioTn9ylokXfG+fujQFqpodzGoh8="},"chainType":2,"messageKeys":{}},"BaEyHk1dIdrgg8bAMSG3UxkMjFAcuEuMEdDx0PXFum0a":{"chainKey":{"counter":118,"key":"2S3fhsXRgL1EO+wc4t7HodXdZP2R+z9po7tYdLqq1Lg="},"chainType":1,"messageKeys":{}}}}},"version":"v1"}