{"_sessions":{"BcwRTZiOxNZJnQn3enw12F7T8eKUU/GY+7qKWqSqoxly":{"registrationId":1310937181,"currentRatchet":{"ephemeralKeyPair":{"pubKey":"BbngYLxwiC08sidt1xGAGGy8Bfi8jEI317+ObSlTsA8q","privKey":"mMBxCzbzXjQK8yH02glLt/SvFb8PJoi26DF1Muny/2E="},"lastRemoteEphemeralKey":"Be+Sfec0DbRHLeSgRHvXVdRlF1kUzowI5UjDTcQ1NW01","previousCounter":0,"rootKey":"NwgiVXTW6zJXvxFJlC0gvR08HNaDH3+Tcdczdy5LPXo="},"indexInfo":{"baseKey":"BcwRTZiOxNZJnQn3enw12F7T8eKUU/GY+7qKWqSqoxly","baseKeyType":1,"closed":-1,"used":1686138800200,"created":1686138800200,"remoteIdentityKey":"BYRFo9KfLCD8iDZED7oK0mBrmXTdEcDGFlRJJTFFKa8P"},"_chains":{"BbngYLxwiC08sidt1xGAGGy8Bfi8jEI317+ObSlTsA8q":{"chainKey":{"counter":263,"key":"nvz4S94hbV5jXdOMxixHcqRtnAkk3DKrKbtVaIm3Z90="},"chainType":1,"messageKeys":{}}},"pendingPreKey":{"signedKeyId":1,"baseKey":"BcwRTZiOxNZJnQn3enw12F7T8eKUU/GY+7qKWqSqoxly","preKeyId":9886334}}},"version":"v1"}