{"_sessions":{"BS0Zh0LX8IFNdPwzAICP9s3uNmxefuhfuj6/WPYfqPN9":{"registrationId":2085247906,"currentRatchet":{"ephemeralKeyPair":{"pubKey":"BYOoadaNrHtFw363s4Iay7TLK+ztLKNzOTgr+XeJsOcv","privKey":"+GOzc3Z1yfVAEF/15zmo2VpDVmA/Ulw0+tLwweqFLGs="},"lastRemoteEphemeralKey":"BT/B5p7vUM+oTAFfBhCQgFILsNuyoaHnGkIaQvDrHXdv","previousCounter":0,"rootKey":"OwMzfimvjP4QbJKaJ/W0m8mLShZ1lEvvbxe7DP8RIvs="},"indexInfo":{"baseKey":"BS0Zh0LX8IFNdPwzAICP9s3uNmxefuhfuj6/WPYfqPN9","baseKeyType":1,"closed":1686139177625,"used":1686138799538,"created":1686138799538,"remoteIdentityKey":"BV1saKWCfS6Xgae0XNAerB8Eb/0at9AZTx8oTC4XeI4m"},"_chains":{"BYOoadaNrHtFw363s4Iay7TLK+ztLKNzOTgr+XeJsOcv":{"chainKey":{"counter":11,"key":"FkC41UPbGfoghs/jpHpIPidTUmV4uz/xVZeLgus09kQ="},"chainType":1,"messageKeys":{}}},"pendingPreKey":{"signedKeyId":5,"baseKey":"BS0Zh0LX8IFNdPwzAICP9s3uNmxefuhfuj6/WPYfqPN9","preKeyId":5449349}},"BQJwDV0PnJmjmzC0tmIJ1mPaAANPGQtHFhG05wYNubRz":{"registrationId":2085247906,"currentRatchet":{"ephemeralKeyPair":{"pubKey":"BXzLmtFYL8AO598J2DH2FIEFn1yfLfU4lvNLoDftWNw+","privKey":"gIyJL6RoF9Q5qyKOTGJwtaHWiiprq0+EMIsZPllqZlE="},"lastRemoteEphemeralKey":"BT/B5p7vUM+oTAFfBhCQgFILsNuyoaHnGkIaQvDrHXdv","previousCounter":0,"rootKey":"nre5zDay5J9LmqfivbqIv4eJpU86tpwmVkiPp8vNlJ8="},"indexInfo":{"baseKey":"BQJwDV0PnJmjmzC0tmIJ1mPaAANPGQtHFhG05wYNubRz","baseKeyType":1,"closed":-1,"used":1686139177605,"created":1686139177604,"remoteIdentityKey":"BV1saKWCfS6Xgae0XNAerB8Eb/0at9AZTx8oTC4XeI4m"},"_chains":{"BXzLmtFYL8AO598J2DH2FIEFn1yfLfU4lvNLoDftWNw+":{"chainKey":{"counter":251,"key":"vhYWaDeShh4e8qYfBu47LP/F1WXH22gOt+UixCE/fZw="},"chainType":1,"messageKeys":{}}},"pendingPreKey":{"signedKeyId":5,"baseKey":"BQJwDV0PnJmjmzC0tmIJ1mPaAANPGQtHFhG05wYNubRz","preKeyId":5448944}}},"version":"v1"}