{"_sessions":{"BdtLoCsz8eqVlxFkgwhGpN4qf+XCRL30yr0WfWn7xAh3":{"registrationId":687461353,"currentRatchet":{"ephemeralKeyPair":{"pubKey":"BXDUt7UEIs8xtp3oqpuiaagwkegUsl1Y94C2SLUo2ONS","privKey":"CE9OIMGYMhpiiOeIIEF/dT4fH3JF1PuwZSoeJXLr8lY="},"lastRemoteEphemeralKey":"BTazGUmAhAXuO+1cHxhbSO8rlg4W4/k/X4GXd+P1/V13","previousCounter":0,"rootKey":"9yGpC63wY4o32I5t5Vnkvkf479I9F7Tpo1jwqzptgu4="},"indexInfo":{"baseKey":"BdtLoCsz8eqVlxFkgwhGpN4qf+XCRL30yr0WfWn7xAh3","baseKeyType":1,"closed":-1,"used":1686138797369,"created":1686138797369,"remoteIdentityKey":"BaluZ+19UmVX4G3dljqCoI2V1X7TGJ7+pEAe7a6/KuRw"},"_chains":{"BXDUt7UEIs8xtp3oqpuiaagwkegUsl1Y94C2SLUo2ONS":{"chainKey":{"counter":263,"key":"5f3hijru5X24CUd0EVBiDlUcNZB6faaJj+0Eryis9vk="},"chainType":1,"messageKeys":{}}},"pendingPreKey":{"signedKeyId":2,"baseKey":"BdtLoCsz8eqVlxFkgwhGpN4qf+XCRL30yr0WfWn7xAh3","preKeyId":138453}}},"version":"v1"}